"ID","Name","State","Public","Avg.SAT","Avg.ACT","Applied","Accepted","Size","Out.Tuition","Spending"
1061,"Alaska Pacific University","AK",2,972,20,193,146,249,7560,10922
1063,"University of Alaska at Fairbanks","AK",1,961,22,1852,1427,3885,5226,11935
1065,"University of Alaska Southeast","AK",1,NA,NA,146,117,492,5226,9584
11462,"University of Alaska at Anchorage","AK",1,881,20,2065,1598,6209,5226,8046
1002,"Alabama Agri. & Mech. Univ.","AL",1,NA,17,2817,1920,3958,3400,7043
1003,"Faulkner University","AL",2,NA,20,345,320,1367,5600,3971
1004,"University of Montevallo","AL",1,NA,21,1351,892,2385,4440,5883
1005,"Alabama State University","AL",1,NA,NA,4639,3272,4051,3000,NA
1009,"Auburn University-Main Campus","AL",1,1076,24,7548,6791,16262,6300,6642
1012,"Birmingham-Southern College","AL",2,1100,26,805,588,1376,11660,8649
1016,"University of North Alabama","AL",1,NA,NA,1087,702,3772,2970,4944
1019,"Huntingdon College","AL",2,959,23,608,520,538,8080,7703
1020,"Jacksonville State University","AL",1,NA,20,1627,1413,5160,2610,4604
1023,"Judson College","AL",2,NA,22,313,228,552,5780,5159
1024,"Livingston University","AL",1,NA,19,1206,957,1627,1740,4272
1028,"Miles College","AL",2,NA,NA,686,427,746,4000,4455
1029,"University of Mobile","AL",2,NA,22,452,331,1417,6150,5412
1033,"Oakwood College","AL",2,760,17,949,605,1316,6639,7986
1036,"Samford University","AL",2,NA,NA,1680,1395,2959,8236,9533
1041,"Spring Hill College","AL",2,990,24,773,694,942,11478,8594
1044,"Stillman College","AL",2,NA,NA,629,614,866,4460,5031
1046,"Talladega College","AL",2,NA,NA,4414,1500,908,5666,5970
1047,"Troy State University at Troy","AL",1,980,20,1471,1281,4343,2883,4295
1050,"Tuskegee University","AL",2,NA,NA,2267,1827,2825,6735,10872
1051,"University of Alabama at Tuscaloosa","AL",1,NA,23,7593,5972,13780,5424,6426
1052,"University of Alabama at Birmingham","AL",1,NA,21,1797,1260,6960,4440,16352
1055,"University of Alabama at Huntsville","AL",1,1010,24,1376,957,2727,4960,8863
1057,"University of South Alabama","AL",1,NA,23,2328,2110,7516,3108,8667
8310,"Auburn University at Montgomery","AL",1,NA,21,985,868,3477,5715,4792
1085,"University of Arkansas at Monticello","AR",1,NA,NA,826,794,4539,3552,2033
1086,"University of Arkansas at Pine Bluff","AR",1,694,16,1450,1360,2993,3216,4618
1088,"Arkansas College (Lyon College)","AR",2,NA,25,708,334,530,8644,14579
1089,"Arkansas Tech University","AR",1,NA,21,1734,1729,3602,3460,4739
1090,"Arkansas State University","AR",1,NA,21,2688,2633,7212,3720,5128
1092,"University of Central Arkansas","AR",1,NA,22,3131,2703,7402,3274,4252
1094,"University of the Ozarks","AR",2,NA,NA,218,215,570,4800,8177
1098,"Henderson State University","AR",1,NA,NA,1490,1490,2942,2880,4540
1099,"Hendrix College","AR",2,1089,26,823,721,954,8800,8588
1100,"John Brown University","AR",2,993,23,605,405,961,6398,8118
1101,"University of Arkansas at Little Rock","AR",1,NA,19,1766,1322,5753,5352,4724
1102,"Ouachita Baptist University","AR",2,NA,NA,910,773,1310,6530,6413
1103,"Philander Smith College","AR",2,NA,NA,350,350,701,2370,NA
1106,"Williams Baptist College","AR",2,NA,19,220,210,509,3952,4061
1107,"Southern Arkansas University","AR",1,NA,NA,792,792,2229,2340,4653
1108,"University of Arkansas at Fayetteville","AR",1,NA,NA,3235,3108,9978,5028,6820
10311,"Harding University","AR",2,1020,24,1721,1068,3128,5504,6466
1074,"Grand Canyon University","AZ",2,926,22,497,393,1364,6870,6219
1081,"Arizona State University Main campus","AZ",1,974,23,12809,10308,22593,7434,4602
1082,"Northern Arizona University","AZ",1,939,22,5891,4931,11249,6746,6157
1083,"University of Arizona","AZ",1,983,23,14079,12238,21664,7434,9683
29022,"Prescott College","AZ",2,1000,23,321,227,693,9800,6562
1117,"Azusa Pacific University","CA",2,902,21,1080,948,2032,15500,9627
1122,"Biola University","CA",2,940,22,1118,896,2058,11388,9329
1125,"California Baptist College","CA",2,836,19,308,262,592,6370,8554
1131,"California Institute of Technology","CA",2,1410,NA,1916,507,912,16695,62469
1133,"California Lutheran University","CA",2,931,21,563,247,1427,12950,8985
1137,"California State Univ. at Fullerton","CA",1,871,21,6004,4480,12147,8990,6288
1138,"California State Univ. at Hayward","CA",1,NA,NA,2121,698,6790,8803,7237
1139,"California State Univ. at Long Beach","CA",1,838,21,10278,7746,NA,8233,5382
1140,"California State Univ. at Los Angeles","CA",1,NA,NA,5609,2756,9358,7454,8145
1141,"California State Univ. at Dominguez Hills","CA",1,NA,NA,1493,1194,4246,8820,8257
1142,"California State Univ. at San Bernardino","CA",1,839,NA,2329,1619,6609,NA,6654
1143,"California Polytechnic-San Luis","CA",1,1002,21,7811,3817,12911,7380,8453
1144,"California Poly-Pomona","CA",1,NA,NA,5945,3887,11177,5904,7867
1146,"California State University at Chico","CA",1,899,21,4816,3922,11822,5904,7798
1147,"California State University at Fresno","CA",1,NA,NA,4540,3294,13494,7706,7268
1149,"Humboldt State University","CA",1,956,22,3467,2190,5637,9979,8650
1150,"California State University at Sacramento","CA",1,884,NA,4348,3026,13724,9096,7530
1151,"San Diego State University","CA",1,851,20,9402,7020,16407,8384,7930
1153,"California State University at Northridge","CA",1,809,19,7672,5331,15567,5904,6691
1154,"San Francisco State University","CA",1,816,19,5385,3539,13165,8964,7651
1155,"San Jose State University","CA",1,838,19,5210,4094,14392,8820,5957
1156,"Sonoma State University","CA",1,968,22,2726,982,4239,7830,7304
1157,"California State University at Stanislaus","CA",1,849,19,1042,830,2895,8868,7333
1158,"United States International University","CA",2,895,19,322,168,237,11760,10317
1164,"Chapman University","CA",2,957,22,959,771,1662,16624,12692
1170,"Claremont McKenna College","CA",2,1270,28,1860,767,887,17000,18443
1171,"Harvey Mudd College","CA",2,1370,NA,1377,572,654,17230,21569
1172,"Pitzer College","CA",2,1150,26,1133,630,750,17688,14820
1173,"Pomona College","CA",2,1340,31,3037,1130,1500,17720,20682
1174,"Scripps College","CA",2,1150,26,855,632,569,17238,18372
1179,"College of Notre Dame","CA",2,NA,NA,344,264,500,12600,9773
1183,"Holy Names College","CA",2,898,NA,258,157,273,11480,10362
1196,"Dominican College of San Rafael","CA",2,884,NA,213,173,648,12790,8966
1215,"La Sierra University","CA",2,888,20,659,530,1067,12180,8294
1216,"University of La Verne","CA",2,903,22,1597,969,1431,13540,10139
1236,"Menlo College","CA",2,829,19,315,275,553,13975,11304
1238,"Mills College","CA",2,1050,25,529,414,781,14100,14299
1243,"Mount St. Mary's College","CA",2,972,21,657,537,1039,12474,10613
1249,"Occidental College","CA",2,1080,NA,2324,1319,1686,16560,16196
1252,"Pacific Christian College","CA",2,900,22,167,142,414,6500,5612
1253,"Fresno Pacific College","CA",2,1008,22,346,274,704,9900,8095
1258,"Pacific Union College","CA",2,NA,22,940,668,1316,11925,9157
1262,"Point Loma Nazarene College","CA",2,897,21,809,687,1889,10178,7895
1264,"Pepperdine University","CA",2,1099,25,3821,2037,2488,18200,16185
1293,"Southern California College","CA",2,909,21,385,340,784,9520,8219
1302,"St. Mary's College of California","CA",2,1032,NA,2643,1611,2615,13332,9619
1305,"Stanford University","CA",2,1401,31,13608,2926,6573,18669,33629
1312,"University of California at Berkeley","CA",1,1218,NA,19873,8252,19532,11648,13919
1313,"University of California at Davis","CA",1,1070,24,16343,11399,15429,7699,15873
1314,"University of California at Irvine","CA",1,1029,NA,15698,10775,12677,12024,15934
1315,"University of California at Los Angeles","CA",1,1141,NA,22165,10435,21637,7689,20260
1316,"University of California at Riverside","CA",1,982,23,9798,7566,6922,7699,12528
1317,"University of California at San Diego","CA",1,1131,26,19433,11469,13738,7699,17674
1320,"University of California at Santa Barbara","CA",1,1006,NA,16663,14141,15638,11218,9475
1321,"University of California at Santa Cruz","CA",1,1059,NA,10758,8559,8713,7699,10860
1322,"University of Redlands","CA",2,NA,NA,1498,1219,1369,16530,10685
1325,"University of San Francisco","CA",2,977,21,2306,1721,4309,13226,10074
1326,"Santa Clara University","CA",2,NA,NA,4019,2779,3891,13584,10872
1328,"University of Southern California","CA",2,1090,25,12229,8498,13259,17230,17007
1329,"University of the Pacific","CA",2,975,NA,2459,1997,2664,16320,13706
1341,"Westmont College","CA",1,1051,24,950,713,1276,14320,8837
1342,"Whittier College","CA",2,961,NA,1681,1069,1235,16249,11778
1343,"Woodbury University","CA",2,822,20,349,313,765,13020,6944
2741,"University of Judaism","CA",2,1040,NA,52,36,88,10560,31012
3948,"San Francisco Art Institute","CA",2,NA,NA,177,136,438,14500,9742
7993,"California State Univ. at Bakersfield","CA",1,842,21,941,643,2571,8725,NA
10395,"University of San Diego","CA",2,1038,NA,3934,2735,3698,13600,10813
10448,"Thomas Aquinas College","CA",2,1172,NA,125,87,208,13400,11513
11649,"Loyola Marymount University","CA",2,1034,NA,3768,2662,3558,13592,11677
29059,"Concordia University","CA",2,905,22,688,497,641,10800,8415
1345,"Adams State College","CO",1,NA,21,1508,1259,1922,1672,3897
1347,"Colorado College","CO",2,NA,NA,3207,1577,1892,17142,14664
1349,"University of Northern Colorado","CO",1,920,22,5530,4007,8463,7731,6309
1350,"Colorado State University","CO",1,1024,25,9478,6312,15646,8412,7850
1353,"Fort Lewis College","CO",1,NA,NA,3440,2823,3793,6198,4362
1358,"Mesa State College","CO",1,851,20,1584,1456,3471,5016,3871
1360,"Metropolitan State College","CO",1,855,20,3512,2975,9544,5790,4400
1363,"Regis University","CO",2,929,22,1107,904,1142,12700,NA
1365,"University of Southern Colorado","CO",1,908,20,1401,1239,3716,7100,5389
1369,"United States Air Force Academy","CO",1,NA,NA,9557,1605,4236,NA,35754
1370,"University of Colorado at Boulder","CO",1,NA,NA,14063,9320,18465,12563,8703
1371,"University of Denver","CO",2,1010,24,2974,2001,2666,15192,11762
1372,"Western State College of Colorado","CO",1,890,21,2702,1623,2315,5918,4599
4509,"University of Colorado at Colorado Springs","CO",1,NA,NA,826,620,2570,8090,6236
6740,"University of Colorado at Denver","CO",1,1007,23,1199,562,3805,9244,7996
9401,"Colorado Christian University","CO",2,867,21,735,583,1001,6720,4588
1374,"Albertus Magnus College","CT",2,890,23,353,340,416,13290,8861
1378,"Central Connecticut State University","CT",1,871,NA,4158,2532,6394,5962,4900
1379,"Connecticut College","CT",2,NA,NA,3035,1546,1630,18740,14773
1380,"Western Connecticut State University","CT",1,NA,NA,2486,1503,2818,5962,5920
1385,"Fairfield University","CT",2,1058,25,4784,3346,2984,15000,11220
1397,"University of New Haven","CT",2,929,NA,1651,1412,1411,10600,7033
1401,"Teikyo Post University","CT",2,NA,NA,345,297,570,11300,9310
1402,"Quinnipiac College","CT",2,NA,NA,3712,2153,2677,12030,8847
1403,"Sacred Heart University","CT",2,900,NA,2307,1896,1707,11070,7120
1406,"Southern Connecticut State University","CT",1,830,NA,3852,2652,5892,5962,5245
1409,"Saint Joseph College","CT",2,NA,NA,292,241,543,12200,8680
1414,"Trinity College","CT",2,NA,NA,3058,1798,1737,18810,18034
1415,"United States Coast Guard Academy","CT",1,1186,NA,5099,466,930,NA,36704
1416,"University of Bridgeport","CT",2,911,NA,598,441,527,12500,NA
1422,"University of Hartford","CT",2,963,NA,5081,4040,3768,14220,10625
1424,"Wesleyan University","CT",2,1280,29,4772,1973,2714,19130,16262
1425,"Eastern Connecticut State University","CT",1,855,NA,2172,1493,2766,5962,5719
1426,"Yale University","CT",2,NA,NA,10705,2453,5217,19840,40386
29013,"University of Connecticut at Storrs","CT",1,1032,NA,9735,7187,12478,11656,10178
1434,"American University","DC",2,1133,NA,4613,3587,4545,15934,11803
1437,"Catholic University of America","DC",2,NA,NA,1754,1465,2159,13712,12751
1443,"Gallaudet University","DC",2,NA,NA,825,645,1541,4700,24182
1444,"George Washington University","DC",2,NA,NA,7875,5062,5471,17450,14745
1445,"Georgetown University","DC",2,NA,NA,11115,2881,5881,18300,19635
1448,"Howard University","DC",2,883,20,9776,3164,6705,7128,18287
1452,"Mount Vernon College","DC",2,842,20,149,70,203,13780,13844
1460,"Trinity College","DC",2,950,22,247,189,309,11412,11806
29100,"Univ. of the District of Columbia","DC",1,NA,NA,3895,3866,3658,3566,NA
1428,"Delaware State College","DE",1,NA,NA,2611,1845,NA,4878,9432
1429,"Goldey Beacom College","DE",2,911,NA,633,468,823,6120,6081
1431,"University of Delaware","DE",2,1035,NA,14446,10516,14130,10220,10650
1433,"Wesley College","DE",2,800,NA,980,807,872,9890,6243
7948,"Wilmington College","DE",2,NA,NA,1275,1275,615,5340,5992
1466,"Barry University","FL",2,900,20,990,784,1811,11290,9084
1467,"Bethune Cookman College","FL",2,775,16,1646,1150,2128,5188,6817
1468,"St. Thomas University","FL",2,830,19,492,370,1125,9600,7400
1469,"Florida Institute of Technology","FL",2,1096,NA,1947,1580,1863,13900,8923
1473,"Clearwater Christian College","FL",2,875,22,161,156,409,5200,6724
1479,"Embry Riddle Aeronautical University","FL",2,994,25,3151,2584,4772,7800,12878
1480,"Florida A&M University","FL",1,NA,NA,4880,2899,7931,6651,7243
1481,"Florida Atlantic University","FL",1,990,22,3181,2089,6035,6700,8717
1486,"Florida Memorial College","FL",2,NA,NA,2400,1800,1312,4160,5304
1487,"Eckerd College","FL",2,1076,25,1422,1109,1363,15360,15003
1488,"Florida Southern College","FL",2,912,23,1381,1040,1506,8025,6339
1489,"Florida State University","FL",1,NA,NA,11651,8683,18906,6680,7250
1495,"Jacksonville University","FL",2,NA,NA,1344,1008,1556,9600,7679
1505,"Lynn University","FL",2,890,21,1292,956,1250,13900,12614
1509,"Nova Southeastern University","FL",2,905,NA,1025,770,1893,8550,12523
1515,"Rollins College","FL",2,1059,25,1777,1151,1668,16425,11561
1526,"St. Leo College","FL",2,853,21,990,683,3400,9150,3379
1531,"Stetson University","FL",2,NA,NA,1557,1227,1964,12315,10307
1535,"University of Florida","FL",1,NA,NA,12445,8836,24470,7090,14737
1536,"University of Miami","FL",2,NA,NA,7122,5386,7760,16500,17500
1537,"University of South Florida","FL",1,1045,23,7589,4676,14770,6760,11020
1538,"University of Tampa","FL",2,NA,NA,1675,1190,1812,11690,8716
1540,"Webber College","FL",2,807,20,280,143,327,5590,4839
3954,"University of Central Florida","FL",1,997,23,6986,2959,12330,6618,6742
3955,"University of West Florida","FL",1,948,22,1558,1254,3754,6172,8488
7893,"Flagler College","FL",2,989,23,1415,714,1345,5120,3930
8848,"Warner Southern College","FL",2,762,17,400,280,397,6200,7774
8849,"Palm Beach Atlantic College","FL",2,947,21,729,625,1432,7900,6014
9635,"Florida International University","FL",1,1019,23,3306,2079,10208,6597,6722
9841,"University of North Florida","FL",1,1017,22,1800,1253,3876,6634,6104
1542,"Agnes Scott College","GA",2,NA,NA,417,349,510,12960,19016
1544,"Albany State College","GA",1,NA,NA,1461,1097,2035,4535,6238
1546,"Armstrong State College","GA",1,907,NA,2186,1835,2796,5604,5667
1551,"Clark Atlanta University","GA",2,804,19,4502,2497,2844,7908,9345
1552,"Augusta College","GA",1,837,NA,1452,1158,2902,4266,5513
1554,"Berry College","GA",2,NA,NA,1858,1221,1620,8050,10511
1556,"Brenau University","GA",2,930,NA,367,274,917,9592,5935
1557,"Brewton-Parker College","GA",2,766,NA,1436,1228,1320,4371,4900
1561,"Columbus College","GA",1,890,NA,1348,1050,2873,2763,5332
1564,"Emory University","GA",2,1220,28,8506,4168,5544,17600,28457
1566,"Fort Valley State College","GA",1,NA,NA,2092,1474,1903,2682,NA
1569,"Georgia Institute of Technology","GA",1,NA,NA,7837,4527,8528,6489,11271
1570,"Southern College of Technology","GA",1,940,22,652,503,2229,4023,6208
1572,"Georgia Southern University","GA",1,844,NA,8388,5423,11404,4571,4830
1573,"Georgia Southwestern College","GA",1,850,20,860,716,1703,4158,7091
1574,"Georgia State University","GA",1,NA,NA,3793,2341,7732,6744,7762
1577,"Kennesaw State College","GA",1,909,NA,2402,1824,5438,2844,4907
1578,"LaGrange College","GA",2,780,NA,544,399,600,6987,9067
1580,"Mercer University","GA",2,1002,24,2286,1668,2943,11985,8995
1582,"Morehouse College","GA",2,1026,24,3708,1678,2852,7050,8122
1583,"Morris Brown College","GA",2,850,19,6407,1500,1752,6770,NA
1585,"North Georgia College","GA",1,NA,NA,1612,1077,2023,4145,NA
1586,"Oglethorpe University","GA",2,1119,27,792,649,769,12900,8568
1587,"Paine College","GA",2,NA,NA,1322,636,589,5460,8967
1588,"Piedmont College","GA",2,951,NA,663,562,641,5640,7309
1590,"Savannah State College","GA",1,709,17,1702,1448,2726,3200,5847
1591,"Shorter College","GA",2,NA,NA,540,445,1115,7210,7356
1594,"Spelman College","GA",2,1002,23,3713,1237,1971,7000,9988
1596,"Toccoa Falls College","GA",2,878,21,NA,NA,781,6072,6015
1598,"University of Georgia","GA",1,1086,NA,11220,7871,19553,5697,7881
1599,"Valdosta State University","GA",1,841,21,3674,3247,5982,4617,5374
1600,"Wesleyan College","GA",2,1013,23,305,287,382,11500,11605
1601,"West Georgia College","GA",1,868,NA,3668,2604,4538,4650,5687
1602,"Georgia College","GA",1,811,19,1868,1788,3467,4457,4706
3484,"Covenant College","GA",2,1048,24,407,317,468,9700,8614
29258,"Savannah Coll. of Art and Design","GA",2,1005,23,1109,688,1897,8325,6874
1605,"Chaminade University of Honolulu","HI",2,850,19,621,546,766,10600,5073
1606,"Brigham Young University - Hawaii","HI",2,NA,20,1038,533,2008,1780,NA
1610,"University of Hawaii at Manoa","HI",1,978,NA,3580,2603,11028,4460,12833
7279,"Hawaii Pacific University","HI",2,955,23,1827,1409,4312,6300,5301
29020,"University of Hawaii at Hilo","HI",1,850,NA,1499,779,2082,2920,11460
1846,"Briar Cliff College","IA",2,795,22,392,351,738,10260,8355
1847,"Buena Vista College","IA",2,1019,24,860,688,1928,13306,6333
1850,"Central College","IA",2,NA,24,1283,1113,1355,10938,8444
1852,"Clarke College","IA",2,NA,21,460,340,604,10740,7963
1854,"Coe College","IA",2,1060,25,1006,742,1127,13925,10141
1856,"Cornell College","IA",2,1070,25,1538,1329,1140,15248,10340
1859,"Dordt College","IA",2,NA,23,604,562,1048,9800,7325
1860,"Drake University","IA",2,1030,25,2799,2573,3322,13420,9473
1866,"Graceland College","IA",2,949,22,555,414,996,9100,5609
1867,"Grand View College","IA",2,NA,20,535,511,1098,9820,6687
1868,"Grinnell College","IA",2,1244,29,2039,1389,1333,15688,18979
1869,"Iowa State University","IA",1,NA,NA,8427,7424,18676,7550,8420
1871,"Iowa Wesleyan College","IA",2,NA,21,443,291,563,9850,7349
1873,"Loras College","IA",2,NA,23,1641,1283,1663,11200,7578
1874,"Luther College","IA",2,1110,25,1549,1392,2269,13240,8949
1876,"Teikyo Marycrest University","IA",2,NA,20,328,243,663,9980,7791
1879,"Morningside College","IA",2,NA,22,586,533,950,10520,8111
1880,"Mount Mercy College","IA",2,NA,NA,368,317,806,10500,6695
1881,"Mount Saint Clare College","IA",2,NA,21,325,284,364,9900,6525
1883,"Northwestern College","IA",2,NA,22,860,811,1040,9900,6357
1887,"Simpson College","IA",2,NA,NA,1016,872,1116,11250,7411
1889,"Saint Ambrose University","IA",2,NA,22,897,718,1345,10450,7444
1890,"University of Northern Iowa","IA",1,NA,23,4144,3379,10135,6197,6333
1891,"University of Dubuque","IA",2,910,22,576,558,662,10430,8767
1892,"University of Iowa","IA",1,NA,NA,9224,8025,15412,8149,12194
1893,"Upper Iowa University","IA",2,NA,22,663,452,1481,8840,3733
1896,"Wartburg College","IA",2,1035,24,1231,1074,1295,11600,7735
1899,"Teikyo Westmar University","IA",2,NA,19,451,306,611,9980,NA
1900,"William Penn College","IA",2,NA,NA,326,294,630,10000,7057
1616,"Boise State University","ID",1,899,21,3619,3080,7948,2093,5705
1617,"Albertson College","ID",2,1011,24,587,479,678,13500,9727
1620,"Idaho State University","ID",1,NA,21,1989,1627,6547,4500,6266
1621,"Lewis-Clark State College","ID",1,842,21,1001,551,1970,5120,6997
1624,"Northwest Nazarene College","ID",2,NA,23,616,514,1115,9840,6261
1626,"University of Idaho","ID",1,980,23,3133,2799,7242,5962,8805
1633,"Augustana College","IL",2,NA,25,1879,1658,1950,13353,9220
1634,"Aurora University","IL",2,NA,21,532,481,815,10250,8358
1635,"Barat College","IL",2,NA,NA,261,192,453,9690,9337
1639,"Blackburn College","IL",2,NA,21,500,336,421,6500,8377
1641,"Bradley University","IL",2,1120,25,3767,3414,4531,10870,7671
1664,"College of Saint Francis","IL",2,NA,NA,422,305,781,9810,9729
1665,"Columbia College","IL",2,NA,NA,2419,2160,4852,7310,5682
1666,"Concordia University","IL",2,NA,23,528,403,1168,9216,7309
1671,"DePaul University","IL",2,1065,25,4815,3551,6069,11214,8322
1674,"Eastern Illinois University","IL",1,NA,22,5597,4253,9161,5710,5682
1678,"Eureka College","IL",2,NA,22,560,454,484,10955,9552
1684,"Greenville College","IL",2,NA,22,510,387,771,10310,8222
1688,"Illinois College","IL",2,1015,23,894,787,909,8050,7348
1691,"Illinois Institute of Technology","IL",2,1102,25,1756,1360,1911,14550,12851
1692,"Illinois State University","IL",1,NA,22,8681,6695,15701,7799,5569
1693,"Northeastern Illinois University","IL",1,NA,17,2086,1507,4056,5706,6453
1694,"Chicago State University","IL",1,NA,18,3553,1719,4543,5544,6195
1696,"Illinois Wesleyan University","IL",2,1151,28,3050,1342,1818,14360,9605
1700,"Judson College","IL",2,NA,22,313,228,552,9414,7840
1703,"Kendall College","IL",2,870,18,150,150,338,6900,8812
1704,"Knox College","IL",2,1100,25,1040,845,967,15747,13224
1706,"Lake Forest College","IL",2,NA,NA,979,638,968,16880,15687
1707,"Lewis University","IL",2,NA,20,1154,1050,2192,10560,7701
1710,"Loyola University Chicago","IL",2,1011,24,3579,2959,5244,11500,13009
1717,"MacMurray College","IL",2,NA,21,740,558,628,9620,10642
1722,"McKendree College","IL",2,NA,21,1002,555,836,7680,6652
1724,"Millikin University","IL",2,1052,24,1444,1261,1788,11910,8149
1725,"Monmouth College","IL",2,940,23,601,503,671,13000,11087
1733,"National-Louis University","IL",2,NA,17,513,347,2508,9090,7905
1734,"North Central College","IL",2,1039,25,1127,884,1310,11718,8871
1735,"North Park College","IL",2,992,22,465,361,879,12580,10889
1737,"Northern Illinois University","IL",1,NA,22,10706,7219,14826,7799,6086
1739,"Northwestern University","IL",2,1270,29,12289,5200,7450,16404,26385
1741,"Olivet Nazarene University","IL",2,NA,NA,678,640,1503,7700,NA
1744,"Principia College","IL",2,1044,NA,205,179,570,12816,16506
1745,"Quincy University","IL",2,1024,23,1025,707,1070,10100,6880
1748,"Rockford College","IL",2,NA,21,591,505,907,12305,8695
1749,"Roosevelt University","IL",2,NA,19,422,367,1700,8580,8995
1750,"Rosary College","IL",2,NA,NA,434,321,624,10950,9264
1758,"Southern Illinois University at Carbondale","IL",1,NA,22,NA,NA,16961,6953,9158
1759,"Southern Illinois University at Edwardsville","IL",1,NA,21,2540,2195,6063,5472,7498
1767,"Illinois Benedictine College","IL",2,NA,23,607,558,1222,10500,8324
1768,"Saint Xavier University","IL",2,NA,20,785,647,1670,10860,8953
1772,"Trinity College","IL",2,NA,NA,746,473,834,9600,5252
1774,"University of Chicago","IL",2,NA,NA,6348,2999,3340,18930,36854
1775,"University of Illinois - Urbana","IL",1,1139,27,14939,11652,25422,7560,8559
1776,"University of Illinois at Chicago","IL",1,NA,21,8384,5727,13518,7230,13883
1780,"Western Illinois University","IL",1,NA,22,6491,5027,9015,5706,6566
1781,"Wheaton College","IL",2,NA,NA,1432,920,2200,11480,11916
1785,"Anderson University","IN",2,885,21,1216,908,1819,10100,7994
1786,"Ball State University","IN",1,895,21,9361,7910,16148,7244,7449
1787,"Bethel College","IN",2,943,22,495,415,733,9300,6392
1788,"Butler University","IN",2,1028,25,2362,2037,2607,13130,9511
1792,"DePauw University","IN",2,NA,NA,1994,1656,1983,14300,11525
1793,"Earlham College","IN",2,1120,25,1358,1006,1028,15036,14634
1795,"University of Evansville","IN",2,1036,NA,2096,1626,2551,11800,7780
1798,"Franklin College","IN",2,1013,22,804,632,840,10390,11751
1799,"Goshen College","IN",2,1006,NA,440,396,910,9420,10270
1800,"Grace College and Seminary","IN",2,NA,21,548,428,618,8958,9798
1801,"Hanover College","IN",2,1040,24,1006,837,1024,8200,9248
1803,"Huntington College","IN",2,902,21,450,430,488,9950,9466
1804,"University of Indianapolis","IN",2,919,21,1487,1276,1417,11120,6735
1805,"Indiana Institute of Technology","IN",2,937,22,1052,810,477,8120,6111
1808,"University of Southern Indiana","IN",1,813,18,2379,2133,4283,4973,4078
1809,"Indiana University at Bloomington","IN",1,996,24,16587,13243,24763,9766,8686
1811,"Indiana Univ. East","IN",1,NA,NA,814,814,988,6140,5153
1812,"Indiana Univ.-Purdue Univ. at Fort Wayne","IN",1,NA,NA,2464,2306,4981,5170,4843
1813,"Indiana Univ.-Purdue Univ. at Indianapolis","IN",1,816,19,4630,3655,9216,8490,12803
1814,"Indiana Univ. at Kokomo","IN",1,802,NA,1108,1086,1139,6140,6303
1815,"Indiana Univ. Northwest","IN",1,NA,NA,1572,1241,2699,6140,4635
1816,"Indiana Univ. at South Bend","IN",1,NA,NA,1500,1250,2761,6594,5378
1817,"Indiana Univ. Southeast","IN",1,NA,NA,1265,1256,2728,6140,4546
1820,"Manchester College","IN",2,950,22,1004,802,909,10440,7940
1821,"Marian College","IN",2,867,NA,770,542,923,9990,7799
1822,"Indiana Wesleyan University","IN",2,863,21,735,423,2448,9210,6562
1824,"Oakland City College","IN",2,NA,NA,495,465,695,7260,5514
1825,"Purdue University at West Lafayette","IN",1,998,24,21804,18744,26213,9556,8604
1827,"Purdue University Calumet","IN",1,890,22,NA,NA,3831,5521,NA
1830,"Rose-Hulman Institute of Technology","IN",2,1210,30,3320,1840,1320,13380,13550
1832,"Saint Francis College","IN",2,860,21,213,166,513,8670,7440
1833,"Saint Joseph's College","IN",2,917,22,920,684,815,11200,7360
1834,"Calumet College of St. Joseph","IN",2,NA,NA,225,203,470,3960,4119
1835,"Saint Mary-of-the-Woods College","IN",2,814,20,150,130,341,10300,9678
1836,"Saint Mary's College","IN",2,1026,25,888,734,1433,12730,11165
1837,"Saint Meinrad College","IN",2,NA,NA,69,44,118,6004,NA
1838,"Taylor University","IN",2,1092,25,1769,1092,1757,10965,8294
1839,"Tri-State University","IN",2,911,21,1262,1102,978,9456,7603
1840,"University of Notre Dame","IN",2,1220,NA,7700,3700,7671,16850,13936
1842,"Valparaiso University","IN",2,NA,NA,2075,1727,2501,11800,9681
1844,"Wabash College","IN",2,NA,NA,800,623,801,12925,14904
9563,"Indiana State University","IN",1,825,20,5659,4761,8596,6892,6996
1903,"Baker University","KS",2,NA,23,602,483,958,8620,6136
1904,"Bethany College","KS",2,NA,23,878,816,706,8740,7718
1905,"Bethel College","KS",2,NA,22,202,184,537,8540,8324
1915,"Fort Hays State University","KS",1,NA,NA,1363,1363,3640,4869,5804
1918,"Friends University","KS",2,NA,20,358,276,838,8516,4962
1926,"Pittsburg State University","KS",1,NA,21,1419,1313,4469,5424,1834
1927,"Emporia State University","KS",1,NA,20,1256,1256,3957,5401,5527
1928,"Kansas State University","KS",1,NA,NA,5880,4075,14914,6995,6122
1929,"Kansas Wesleyan University","KS",2,NA,21,589,575,474,8400,6535
1933,"McPherson College","KS",2,NA,22,420,293,336,7950,9754
1937,"Ottawa University","KS",2,NA,NA,607,388,538,7250,NA
1940,"Southwestern College","KS",2,NA,21,213,155,504,7200,7818
1943,"Saint Mary College","KS",2,NA,NA,273,229,439,7800,7364
1945,"Sterling College","KS",2,843,22,479,373,631,8280,10049
1946,"Tabor College","KS",2,NA,22,257,183,396,7850,7233
1948,"University of Kansas","KS",1,NA,23,8579,5561,17880,6994,9657
1949,"Washburn University","KS",1,NA,NA,1100,1078,3157,4774,5828
1950,"Wichita State University","KS",1,NA,21,2901,2236,6550,6994,5950
7032,"MidAmerica Nazarene College","KS",2,NA,22,331,331,1100,6840,5524
10256,"Benedictine College","KS",2,NA,NA,632,620,702,9550,5922
1951,"Alice Lloyd College","KY",2,NA,NA,1174,607,555,3800,6616
1952,"Asbury College","KY",2,989,23,643,509,1110,8988,7741
1954,"Bellarmine College","KY",2,989,23,807,707,1198,8840,6668
1955,"Berea College","KY",2,979,22,1836,599,1540,NA,11719
1958,"Brescia College","KY",2,NA,NA,307,260,452,7500,6554
1959,"Campbellsville College","KY",2,NA,NA,848,587,935,6060,5391
1960,"Spalding University","KY",2,NA,20,283,201,589,8400,6860
1961,"Centre College","KY",2,1109,27,1013,888,943,11850,13118
1962,"Cumberland College","KY",2,890,21,995,789,1306,6230,8189
1963,"Eastern Kentucky University","KY",1,NA,19,5443,5135,11208,4700,5394
1964,"Georgetown College","KY",2,NA,22,727,693,1063,8100,7508
1968,"Kentucky State University","KY",1,NA,NA,1636,952,1544,4120,8372
1969,"Kentucky Wesleyan College","KY",2,860,22,584,497,662,8000,7058
1972,"Lindsey Wilson College","KY",2,NA,18,1089,865,1006,6600,5067
1976,"Morehead State University","KY",1,NA,20,2825,2495,6311,4740,5175
1977,"Murray State University","KY",1,NA,22,2225,1910,5968,4738,5972
1980,"Pikeville College","KY",2,NA,NA,404,400,797,6000,5557
1987,"Transylvania University","KY",2,1096,26,759,729,867,10900,10219
1988,"Union College","KY",2,830,20,484,384,634,7800,6864
1989,"University of Kentucky","KY",1,NA,25,7769,5689,14931,6640,11098
1999,"University of Louisville","KY",1,NA,21,4777,3057,9844,6540,10207
2001,"Thomas More College","KY",2,964,23,808,594,756,9490,7678
2002,"Western Kentucky University","KY",1,NA,NA,4441,3260,10264,4961,5063
9275,"Northern Kentucky University","KY",1,NA,NA,2920,2506,7112,4720,4745
2003,"Centenary College of Louisiana","LA",2,1060,25,495,434,775,8950,9685
2004,"Dillard University","LA",2,NA,20,1998,1376,1539,6700,7566
2005,"Nicholls State University","LA",1,NA,19,2020,1898,4921,4572,4466
2006,"Grambling State University","LA",1,NA,NA,4847,3518,6567,1044,5034
2007,"Louisiana College","LA",2,NA,NA,2013,1053,912,5150,7547
2008,"Louisiana Tech University","LA",1,NA,22,2397,2144,6720,3957,4546
2010,"Louisiana State University at Baton Rouge","LA",1,997,23,5996,4993,16269,5925,6741
2013,"Louisiana State University at Shreveport","LA",1,NA,NA,675,645,2413,4990,4287
2015,"University of New Orleans","LA",1,947,21,2406,2139,8158,5154,5260
2016,"Loyola University","LA",2,1050,25,1891,1698,2740,11100,9456
2017,"McNeese State University","LA",1,NA,19,2066,2031,6020,3450,3976
2020,"Northeast Louisiana University","LA",1,NA,20,2963,2814,8718,3804,4092
2021,"Northwestern State University of Louisiana","LA",1,NA,20,2671,2671,5742,4040,4587
2023,"Our Lady of Holy Cross College","LA",2,NA,NA,246,217,674,4400,5053
2024,"Southeastern Louisiana University","LA",1,NA,19,3247,3247,9724,3854,3666
2026,"Southern University at New Orleans","LA",1,NA,17,900,900,2911,3009,4355
2029,"Tulane University","LA",2,NA,NA,7033,5125,4941,19040,16920
2031,"University of Southwestern Louisiana","LA",1,NA,19,4299,4250,11767,4898,4099
2032,"Xavier University of Louisiana","LA",2,890,21,2097,1915,2793,6900,8323
9636,"Southern University and A & M College","LA",1,NA,17,2431,2416,7534,3950,5244
2114,"American International College","MA",2,NA,NA,1420,1093,1018,8700,7355
2115,"Amherst College","MA",2,1324,25,4302,992,1593,19760,21424
2117,"Anna Maria College","MA",2,NA,NA,350,283,367,10800,5982
2118,"Assumption College","MA",2,NA,NA,2135,1700,1708,12000,7100
2120,"Merrimack College","MA",2,1000,NA,1981,1541,1927,12500,8707
2121,"Babson College","MA",2,NA,NA,2007,1139,1680,16600,15286
2124,"Bentley College","MA",2,NA,NA,3466,2330,3095,13800,10941
2126,"Berklee College of Music","MA",2,NA,NA,1975,1516,2223,11550,9719
2128,"Boston College","MA",2,NA,NA,13112,6179,8807,16640,10989
2130,"Boston University","MA",2,1150,26,20192,13007,14971,18420,16836
2132,"Bradford College","MA",2,NA,NA,443,330,453,14080,15387
2133,"Brandeis University","MA",2,NA,NA,4186,2743,2819,19380,17150
2139,"Clark University","MA",2,NA,NA,2887,2059,1928,17500,11951
2140,"Elms College","MA",2,890,NA,245,208,544,11800,8952
2141,"College of the Holy Cross","MA",2,1200,NA,2994,1691,2675,18000,12138
2143,"Curry College","MA",2,810,NA,1224,936,891,13600,11992
2145,"Eastern Nazarene College","MA",2,980,NA,516,409,1238,8770,6430
2146,"Emerson College","MA",2,1020,NA,1849,1228,2025,15200,10602
2148,"Endicott College","MA",2,782,NA,1000,858,665,11455,NA
2153,"Gordon College","MA",2,992,NA,674,565,1151,12200,9226
2155,"Harvard University","MA",2,NA,NA,13865,2165,6862,18485,37219
2158,"Lasell College","MA",2,800,NA,618,540,470,11475,10066
2160,"Lesley College","MA",2,846,NA,244,198,1134,11700,8694
2161,"University of Massachusetts at Lowell","MA",1,951,NA,3986,3026,5740,9838,7607
2178,"Massachusetts Institute of Technology","MA",2,1381,31,6411,2140,4481,20100,33541
2183,"Bridgewater State College","MA",1,923,NA,4915,3340,5356,5542,4666
2184,"Fitchburg State College","MA",1,891,NA,2857,2090,2879,5542,4861
2185,"Framingham State College","MA",1,911,NA,4141,2316,3248,5244,NA
2187,"North Adams State College","MA",1,897,NA,1563,1005,1380,5542,6562
2188,"Salem State College","MA",1,802,NA,3973,3168,5625,5542,4386
2189,"Westfield State College","MA",1,880,NA,3100,2150,3234,5542,4222
2190,"Worcester State College","MA",1,832,NA,2197,1515,3089,6797,4469
2192,"Mount Holyoke College","MA",2,1120,27,1800,1314,1891,19300,18359
2193,"Mount Ida College","MA",2,NA,NA,4750,4041,1501,9810,5025
2197,"Nichols College","MA",2,814,NA,780,702,707,9744,NA
2199,"Northeastern University","MA",2,998,23,11901,8492,11160,13380,9563
2201,"Pine Manor College","MA",2,764,20,354,323,372,15190,14795
2206,"Regis College","MA",2,881,NA,427,385,581,12700,11758
2208,"Simmons College","MA",2,940,24,1003,782,1144,16160,14086
2209,"Smith College","MA",2,NA,NA,2925,1598,2479,18820,21199
2210,"University of Massachusetts at Dartmouth","MA",1,905,NA,3347,2597,4664,6919,7462
2211,"Springfield College","MA",2,900,NA,1888,1347,2160,9438,NA
2217,"Stonehill College","MA",2,1010,NA,3646,2300,2022,12170,7495
2218,"Suffolk University","MA",2,854,NA,1247,980,2207,10584,9336
2219,"Tufts University","MA",2,NA,NA,7614,3605,4598,19701,18981
2221,"University of Massachusetts at Amherst","MA",1,NA,NA,14438,12414,16282,8566,10276
2222,"University of Massachusetts at Boston","MA",1,895,NA,2237,1495,6034,8568,10132
2224,"Wellesley College","MA",2,1230,NA,2895,1249,2195,18345,21409
2226,"Western New England College","MA",2,837,NA,1650,1471,1803,8994,8409
2227,"Wheaton College","MA",2,1080,24,1738,1373,1335,18460,22704
2228,"Wheelock College","MA",2,853,NA,399,335,736,13472,12113
2229,"Williams College","MA",2,NA,NA,4186,1245,1988,19629,22014
2233,"Worcester Polytechnic Institute","MA",2,1200,28,2768,2314,2802,15884,10774
4661,"Hampshire College","MA",2,1111,NA,1342,998,1079,20655,14276
9645,"Simon's Rock College of Bard","MA",2,1171,NA,300,171,303,16900,13311
29099,"Wentworth Institute of Technology","MA",2,850,NA,1480,1257,2961,9850,17858
1436,"Capitol College","MD",2,880,NA,100,90,282,8400,7976
2062,"Bowie State University","MD",1,741,NA,1643,882,2179,4869,7848
2065,"College of Notre Dame of Maryland","MD",2,970,NA,457,356,667,11180,7477
2067,"Columbia Union College","MD",2,NA,NA,1301,957,514,9500,9431
2068,"Coppin State College","MD",1,763,18,1478,723,1863,5000,7160
2072,"Frostburg State University","MD",1,902,NA,2916,2167,4147,5428,5491
2073,"Goucher College","MD",2,1111,NA,1151,813,850,15588,16623
2076,"Hood College","MD",2,994,24,699,565,710,13960,12434
2077,"Johns Hopkins University","MD",2,1292,30,8474,3446,3566,18800,56233
2078,"Loyola College","MD",2,1070,NA,4076,3137,3010,12990,9448
2083,"Morgan State University","MD",1,871,NA,5892,3034,4517,4136,6867
2086,"Mount Saint Mary's College","MD",2,970,NA,1321,1159,1243,12850,8536
2091,"Salisbury State University","MD",1,1045,22,4216,2290,4296,5130,5125
2092,"St. John's College","MD",2,NA,NA,323,278,393,16150,15622
2095,"St. Mary's College of Maryland","MD",1,1194,NA,1340,695,1315,6800,10357
2099,"Towson State University","MD",1,983,NA,6151,3837,9247,5166,5401
2101,"United States Naval Academy","MD",1,1171,NA,11522,1463,4125,NA,40020
2103,"University of Maryland at College Park","MD",1,1085,NA,14292,10315,19340,8723,9021
2105,"University of Maryland at Baltimore County","MD",1,1083,23,4269,2594,6476,8594,7618
2106,"University of Maryland Eastern Shore","MD",1,739,NA,1600,1016,2067,7014,5191
2107,"Villa Julie College","MD",2,920,NA,823,347,1055,7400,5287
2108,"Washington College","MD",2,1067,NA,1209,942,822,15276,10830
2109,"Western Maryland College","MD",2,1011,NA,1205,984,1071,14510,10026
2033,"University of Maine at Presque Isle","ME",1,821,NA,461,381,974,6600,6408
2036,"Bates College","ME",2,1230,NA,3461,1541,1599,25180,16444
2038,"Bowdoin College","ME",2,1220,NA,3356,1019,1490,19030,20447
2039,"Colby College","ME",2,1170,26,2848,1319,1720,18930,15954
2040,"University of Maine at Farmington","ME",1,NA,NA,1208,803,1906,6810,5712
2041,"University of Maine at Fort Kent","ME",1,798,NA,225,168,467,4800,5632
2043,"Husson College","ME",2,818,NA,723,652,951,7800,4923
2050,"University of New England","ME",2,900,NA,1209,750,820,11450,9718
2051,"Saint Joseph's College","ME",2,880,NA,833,682,716,9985,4322
2052,"Thomas College","ME",2,830,NA,356,312,388,8850,5001
2053,"University of Maine at Orono","ME",1,989,NA,5260,4589,7366,7975,7379
2055,"University of Maine at Machias","ME",1,NA,NA,441,369,633,6600,5935
6858,"Unity College","ME",2,965,NA,456,409,458,9550,6145
9762,"University of Southern Maine","ME",1,957,NA,2335,1933,3556,8160,7391
2234,"Adrian College","MI",2,NA,22,1428,1097,1036,11250,8735
2235,"Albion College","MI",2,NA,NA,1899,1720,1594,13868,11487
2236,"Alma College","MI",2,NA,26,1267,1080,1306,12572,9305
2238,"Andrews University","MI",2,NA,20,1130,704,1586,9996,10908
2239,"Aquinas College","MI",2,NA,NA,619,516,1251,11208,6584
2241,"Calvin College","MI",2,1072,25,1784,1512,3401,10230,7786
2243,"Central Michigan University","MI",1,NA,NA,7304,6263,13244,6660,6965
2247,"Concordia College","MI",2,985,20,180,171,562,10430,NA
2252,"William Tyndale College","MI",2,NA,NA,260,195,235,5519,8336
2259,"Eastern Michigan University","MI",1,896,21,6693,5423,13142,6360,5955
2260,"Ferris State University","MI",1,NA,NA,8671,5855,8996,6911,6467
2268,"Grand Valley State University","MI",1,NA,23,5165,3887,8234,6108,5063
2272,"Hillsdale College","MI",2,1070,24,920,745,1133,11090,12639
2273,"Hope College","MI",2,NA,NA,1712,1483,2505,12275,9284
2275,"Kalamazoo College","MI",2,1201,27,1224,1101,1218,16179,13207
2279,"Lawrence Technological University","MI",2,NA,22,867,695,2176,6759,4727
2282,"Madonna University","MI",2,NA,NA,440,391,1367,5040,5518
2284,"Marygrove College","MI",2,NA,NA,NA,177,602,8094,5889
2290,"Michigan State University","MI",1,982,23,18114,15096,26640,10658,10520
2292,"Michigan Technological University","MI",1,1132,26,2618,2288,5524,8127,7473
2293,"Lake Superior State University","MI",1,NA,20,1406,1169,2432,6456,4310
2301,"Northern Michigan University","MI",1,NA,NA,4519,3844,6261,3880,6886
2307,"Oakland University","MI",1,NA,23,3041,2581,6441,9114,6637
2308,"Olivet College","MI",2,NA,NA,620,565,766,10500,6395
2314,"Saginaw Valley State University","MI",1,NA,20,1549,1349,3598,5673,5391
2316,"Siena Heights College","MI",2,NA,21,464,419,686,9240,9431
2318,"Spring Arbor College","MI",2,NA,21,372,362,1501,8600,10938
2323,"University of Detroit Mercy","MI",2,937,21,927,731,2149,11130,10891
2326,"University of Michigan at Dearborn","MI",1,NA,24,1796,1303,3493,10116,6768
2327,"University of Michigan at Flint","MI",1,NA,NA,970,877,3105,9534,5955
2329,"Wayne State University","MI",1,NA,21,4219,3098,9778,7162,10538
2330,"Western Michigan University","MI",1,NA,23,9167,7191,15739,6940,5983
4673,"Baker College of Flint","MI",2,NA,NA,1754,1754,2805,5960,2589
6771,"Center for Creative Studies","MI",2,NA,21,601,396,525,11230,13025
8759,"Northwood University","MI",2,820,20,1093,998,1650,9450,5568
9092,"University of Michigan at Ann Arbor","MI",1,1177,27,19152,12940,22045,15732,14847
2334,"Augsburg College","MN",2,1040,22,662,513,2074,11902,7836
2336,"Bemidji State University","MN",1,NA,NA,1208,877,3796,4425,3752
2340,"Carleton College","MN",2,NA,NA,2694,1579,1870,19292,17960
2341,"College of Saint Benedict","MN",2,1010,23,938,864,1715,12247,8847
2342,"College of Saint Catherine","MN",2,951,22,511,411,1692,12224,7315
2343,"College of St. Scholastica","MN",2,930,23,672,596,1350,11844,8996
2345,"University of St. Thomas","MN",2,994,23,2057,1807,4106,11712,8546
2346,"Concordia College-Moorhead","MN",2,910,24,2007,1808,2917,10110,8129
2347,"Concordia College at St. Paul","MN",2,NA,NA,281,266,1049,10500,6955
2353,"Gustavus Adolphus College","MN",2,1105,25,1709,1385,2281,14125,9907
2354,"Hamline University","MN",2,1110,25,1006,825,1362,13252,10296
2358,"Macalester College","MN",2,NA,NA,2939,1496,1723,15909,14213
2360,"Mankato State University","MN",1,NA,NA,3073,2672,9649,4300,5801
2367,"Moorhead State University","MN",1,NA,22,2442,2164,5983,4426,4795
2371,"Northwestern College","MN",2,944,22,699,601,1209,11328,9672
2375,"Southwest State University","MN",1,NA,20,1047,938,2091,4285,6591
2377,"Saint Cloud State University","MN",1,NA,NA,3971,3306,11493,4259,4629
2379,"Saint John's University","MN",2,1020,24,933,800,1691,12247,9853
2380,"Saint Mary's College of Minnesota","MN",2,NA,21,876,802,1263,10800,5081
2382,"Saint Olaf College","MN",2,1100,26,2248,1673,2888,14350,12502
2388,"University of Minnesota at Duluth","MN",1,NA,22,4192,3126,5887,8828,6393
2389,"University of Minnesota at Morris","MN",1,1200,26,1458,874,1846,9843,6716
2394,"Winona State University","MN",1,950,22,3325,2047,5800,4200,5318
3969,"University of Minnesota Twin Cities","MN",1,1052,23,11054,6397,16502,8949,16122
9058,"Bethel College","MN",2,NA,NA,856,698,1617,11050,10324
2449,"Avila College","MO",2,900,22,373,298,651,8950,6639
2453,"Central Methodist College","MO",2,NA,NA,633,504,920,7780,6850
2454,"Central Missouri State University","MO",1,NA,21,4681,4101,8094,4620,5501
2456,"Columbia College","MO",2,NA,20,314,158,690,8294,5015
2460,"Culver-Stockton College","MO",2,NA,22,1576,1110,992,8000,5807
2461,"Drury College","MO",2,NA,25,700,650,1065,8730,9303
2464,"Fontbonne College","MO",2,NA,NA,291,245,981,8390,4607
2473,"Kansas City Art Institute","MO",2,919,23,639,427,527,6572,10396
2479,"Lincoln University","MO",1,NA,18,1400,1396,2019,3600,5363
2480,"Lindenwood College","MO",2,870,22,810,484,2155,9200,3480
2482,"Maryville University","MO",2,963,24,549,397,1343,9250,5925
2488,"Missouri Southern State College","MO",1,NA,NA,1576,1326,3689,3840,4172
2489,"Missouri Valley College","MO",2,800,18,1310,983,1057,8550,4333
2490,"Missouri Western State College","MO",1,NA,19,1887,1870,3615,3900,4602
2495,"Northeast Missouri State University","MO",1,NA,26,6040,4577,5640,4856,6601
2496,"Northwest Missouri State University","MO",1,NA,NA,2729,2535,4787,3735,5284
2498,"Park College","MO",2,NA,NA,270,225,3440,3750,3019
2499,"Rockhurst College","MO",2,NA,NA,935,858,1127,9490,7519
2500,"College of the Ozarks","MO",2,NA,21,3258,338,1277,NA,9192
2501,"Southeast Missouri State University","MO",1,NA,NA,2281,1870,6553,4680,5916
2502,"Southwest Baptist University","MO",2,NA,23,1093,1093,1770,7070,4718
2503,"Southwest Missouri State University","MO",1,NA,22,6118,5254,13131,4740,4632
2506,"Saint Louis University","MO",2,NA,NA,3294,2855,4576,11690,18367
2512,"Stephens College","MO",2,900,21,450,405,614,13900,9995
2516,"University of Missouri at Columbia","MO",1,1066,25,6574,4637,14782,9057,10145
2517,"University of Missouri at Rolla","MO",1,1202,27,1877,1826,3926,9057,9699
2518,"University of Missouri at Kansas City","MO",1,NA,24,1901,1340,3416,9501,12453
2519,"University of Missouri at Saint Louis","MO",1,NA,NA,1618,1141,4793,7246,6433
2520,"Washington University","MO",2,NA,NA,7654,5259,4879,18350,45702
2521,"Webster University","MO",2,1005,23,665,462,1739,9160,6951
2523,"Westminster College","MO",2,1000,24,662,553,665,10720,7925
2524,"William Jewell College","MO",2,1060,24,663,547,1279,10060,7885
2525,"William Woods University","MO",2,941,21,469,435,851,10535,7438
7540,"Missouri Baptist College","MO",2,NA,20,308,NA,606,5780,3493
9089,"Hannibal-LaGrange College","MO",2,NA,20,233,201,493,6050,5736
2396,"Alcorn State University","MS",1,NA,18,2928,1853,2326,6616,3913
2397,"Belhaven College","MS",2,922,23,248,197,736,7600,5160
2398,"Blue Mountain College","MS",2,NA,19,75,75,263,3660,5478
2403,"Delta State University","MS",1,NA,NA,967,945,2806,4528,5113
2410,"Jackson State University","MS",1,NA,NA,4799,3278,4786,4190,6358
2414,"Millsaps College","MS",2,1120,26,905,834,1073,11320,11218
2415,"Mississippi College","MS",2,NA,23,594,385,1695,5580,6170
2422,"Mississippi University for Women","MS",1,NA,23,480,405,1673,4386,5704
2423,"Mississippi State University","MS",1,NA,23,4255,3277,10094,9866,6223
2424,"Mississippi Valley State University","MS",1,NA,16,2800,1090,2124,4306,4955
2433,"Rust College","MS",2,NA,16,1328,673,1006,4000,5103
2439,"Tougaloo College","MS",2,NA,NA,3280,578,1120,5010,6481
2440,"University of Mississippi","MS",1,NA,NA,3844,3383,7524,4916,6971
2441,"University of Southern Mississippi","MS",1,980,22,2850,2044,9260,4652,5917
2447,"William Carey College","MS",2,NA,20,200,165,1538,5115,6986
2526,"Carroll College","MT",2,950,23,529,492,1093,8650,5862
2527,"College of Great Falls","MT",2,NA,NA,394,394,700,5100,4957
2530,"Montana State University-Billings","MT",1,NA,NA,931,912,2482,5866,5105
2531,"Montana College of Mineral Sci. & Tech.","MT",1,1056,22,572,544,1470,6073,6112
2532,"Montana State University","MT",1,960,23,3500,2836,8730,5552,6324
2533,"Montana State University - Northern","MT",1,NA,NA,840,840,1169,5879,6674
2534,"Rocky Mountain College","MT",2,870,21,560,392,743,8734,6422
2536,"University of Montana","MT",1,946,22,3314,2809,7754,6311,5862
2537,"Western Montana College","MT",1,NA,19,376,256,816,5658,4489
2905,"North Carolina A. & T. State University","NC",1,825,NA,4809,3089,6162,6806,7090
2906,"Appalachian State University","NC",1,990,22,7313,4664,9940,6806,5854
2907,"University of North Carolina at Asheville","NC",1,1054,24,1757,979,2033,5972,7011
2908,"Barton College","NC",2,840,NA,771,643,1135,7420,5930
2909,"Barber Scotia College","NC",2,600,NA,933,933,704,4045,4431
2910,"Belmont Abbey College","NC",2,890,NA,632,494,709,9000,7550
2911,"Bennett College","NC",2,780,17,774,542,650,5600,NA
2913,"Campbell University","NC",2,915,NA,2087,1339,3191,7550,3739
2914,"Catawba College","NC",2,915,NA,1083,880,915,9270,8425
2918,"Davidson College","NC",2,1230,29,2373,956,1601,17295,17581
2920,"Duke University","NC",2,1302,30,13789,3893,6188,18590,27206
2923,"East Carolina University","NC",1,921,18,9274,6362,13171,7248,9002
2926,"Elizabeth City State University","NC",1,NA,NA,1531,827,1630,5030,8994
2927,"Elon College","NC",2,922,NA,3624,2786,2933,9100,6329
2928,"Fayetteville State University","NC",1,816,NA,1455,1064,2632,6806,6972
2929,"Gardner Webb University","NC",2,845,19,1110,930,1603,8180,5664
2930,"Greensboro College","NC",2,923,NA,608,494,649,8330,7949
2931,"Guilford College","NC",2,1030,24,1202,1054,1410,13404,9114
2933,"High Point University","NC",2,879,NA,1412,1149,2045,7550,4947
2936,"Johnson C. Smith University","NC",2,NA,NA,1349,932,1236,5453,NA
2939,"Lees-McRae College","NC",2,757,NA,545,529,620,NA,6795
2941,"Lenoir-Rhyne College","NC",2,921,21,979,743,1188,10100,8539
2942,"Livingstone College","NC",2,NA,NA,900,473,621,4400,9268
2944,"Mars Hill College","NC",2,848,20,1056,873,1111,6950,6786
2945,"Meredith College","NC",2,NA,NA,857,772,1721,6720,6881
2946,"Methodist College","NC",2,NA,NA,750,633,926,8850,NA
2948,"Montreat-Anderson College","NC",2,870,20,263,223,316,8438,11989
2950,"North Carolina Central University","NC",1,NA,NA,1773,1320,3531,5730,7302
2951,"North Carolina Wesleyan College","NC",2,826,20,812,689,646,8242,10090
2954,"Pembroke State University","NC",1,818,NA,944,774,2174,6360,6443
2955,"Pfeiffer College","NC",2,831,NA,838,651,654,8640,7634
2957,"Queens College","NC",2,1005,26,516,392,630,11020,9315
2960,"Salem College","NC",2,1002,24,335,284,534,10475,9599
2962,"Shaw University","NC",2,NA,NA,2533,937,2360,9192,8078
2967,"St. Andrews Presbyterian College","NC",2,915,NA,624,599,612,10375,9332
2968,"St. Augustine's College","NC",2,813,NA,3113,1786,1614,3850,NA
2972,"North Carolina State University at Raleigh","NC",1,1071,NA,10634,7064,16505,8400,9670
2974,"University of North Carolina at Chapel Hill","NC",1,1121,NA,14596,5985,14609,8400,15893
2975,"University of North Carolina at Charlotte","NC",1,926,21,5803,4441,10099,7248,6227
2976,"University of North Carolina at Greensboro","NC",1,956,NA,5191,4134,7532,8677,7392
2978,"Wake Forest University","NC",2,NA,NA,5661,2392,3499,13850,41766
2979,"Warren Wilson College","NC",2,NA,NA,440,311,466,10000,9430
2981,"Western Carolina University","NC",1,867,NA,3224,2519,5000,6390,6554
2984,"University of North Carolina at Wilmington","NC",1,935,21,6071,3856,6635,7558,6005
2985,"Wingate College","NC",2,842,22,1239,1017,1207,7820,7264
2986,"Winston-Salem State University","NC",2,774,NA,1065,801,2069,6272,8064
2989,"Dickinson State University","ND",1,NA,21,434,412,1376,4486,4525
2990,"Jamestown College","ND",2,NA,22,472,410,9950,7620,3186
2992,"University of Mary","ND",2,NA,21,659,601,1476,6490,4460
2993,"Mayville State University","ND",1,NA,20,233,233,658,4486,6971
2994,"Minot State University","ND",1,NA,21,681,681,3299,4260,4076
3005,"University of North Dakota","ND",1,1000,23,2777,2249,8334,5634,9424
3008,"Valley City State University","ND",1,NA,NA,368,344,863,4286,4958
9265,"North Dakota State University","ND",1,1040,23,2968,2297,7368,5834,6310
2539,"Chadron State College","NE",1,NA,21,1024,1024,1830,2670,4895
2540,"College of Saint Mary","NE",2,NA,NA,305,230,503,9000,6696
2541,"Concordia College","NE",2,NA,NA,440,434,764,7896,7589
2542,"Creighton University","NE",2,NA,25,2967,2836,3450,10628,22906
2543,"Dana College","NE",2,NA,22,504,482,550,9130,8686
2544,"Doane College","NE",2,NA,23,793,709,1022,9570,6852
2548,"Hastings College","NE",2,NA,23,817,708,935,9376,7335
2551,"University of Nebraska at Kearney","NE",1,NA,21,2837,2697,5764,2550,4393
2553,"Midland Lutheran College","NE",2,NA,NA,627,585,908,10300,6383
2554,"University of Nebraska at Omaha","NE",1,NA,NA,2704,2537,6518,4560,NA
2555,"Nebraska Wesleyan University","NE",2,NA,23,969,762,1442,9540,7561
2559,"Peru State College","NE",1,NA,20,701,501,959,2580,4870
2563,"Union College","NE",2,NA,NA,355,304,447,8760,9416
2565,"University of Nebraska at Lincoln","NE",1,960,22,6277,6003,16454,5595,6813
2566,"Wayne State College","NE",1,NA,20,1373,1373,2754,2700,4550
9743,"Bellevue University","NE",2,NA,18,132,132,1032,3150,6705
2572,"Colby-Sawyer College","NH",2,883,20,910,776,618,14090,10802
2573,"Dartmouth College","NH",2,1319,NA,8587,2273,3918,19545,29619
2575,"Franklin Pierce College","NH",2,827,NA,5187,4471,1818,13320,6418
2579,"New England College","NH",2,NA,NA,951,879,744,13325,10164
2580,"New Hampshire College","NH",2,816,NA,1498,1275,1557,10608,5523
2584,"Notre Dame College","NH",2,815,NA,379,324,500,9990,4948
2586,"Rivier College","NH",2,NA,NA,484,386,590,9870,6744
2587,"Saint Anselm College","NH",2,993,NA,2095,1553,1873,12950,6719
2589,"University of New Hampshire","NH",1,1012,NA,9750,7640,10358,11180,7855
2590,"Keene State College","NH",1,887,NA,3121,2446,3480,7870,6195
2591,"Plymouth State College","NH",1,866,NA,3321,2375,3483,7870,5708
4731,"Daniel Webster College","NH",2,928,NA,585,508,460,12292,8643
30431,"Thomas More Coll. of Liberal Arts","NH",2,1066,25,35,35,59,7200,8100
2597,"Bloomfield College","NJ",2,NA,NA,1694,1408,1312,8300,7003
2598,"Caldwell College","NJ",2,919,NA,1011,604,693,8900,7922
2599,"Centenary College","NJ",2,970,19,369,312,396,11400,9583
2600,"College of Saint Elizabeth","NJ",2,950,NA,444,359,493,10900,9447
2603,"Drew University","NJ",2,1188,NA,2153,1580,1192,18432,14907
2608,"Georgian Court College","NJ",2,915,NA,348,281,1095,9150,7348
2609,"Rowan College of New Jersey","NJ",1,988,NA,3820,1431,5303,4356,7252
2610,"Felician College","NJ",2,850,NA,420,280,505,8100,8008
2613,"Jersey City State College","NJ",1,840,NA,2957,1423,3817,3946,8367
2616,"Monmouth College","NJ",2,934,NA,2707,1881,1893,12480,9492
2617,"Montclair State University","NJ",1,918,NA,5220,2128,6411,3648,6717
2621,"New Jersey Institute of Technology","NJ",1,1066,NA,1879,1216,3311,8832,12529
2622,"Kean College of New Jersey","NJ",1,880,NA,3344,2322,6804,2875,6001
2625,"William Paterson College of New Jersey","NJ",1,913,NA,5485,2662,5938,3135,6391
2627,"Princeton University","NJ",2,1355,NA,13218,2042,4540,19900,28320
2628,"Rider University","NJ",2,940,NA,3586,2424,2748,13250,11299
2631,"Rutgers State University at Newark","NJ",1,988,NA,5785,2690,4005,7410,11878
2632,"Seton Hall University","NJ",2,938,NA,4576,3565,4384,12000,10080
2638,"Saint Peter's College","NJ",2,807,NA,1606,1413,1921,9408,7669
2639,"Stevens Institute of Technology","NJ",2,1173,NA,1768,1249,1263,16900,12837
2642,"Trenton State College","NJ",1,1111,NA,5042,2312,5167,5391,8504
2644,"Upsala College","NJ",2,810,NA,1540,1363,950,12500,NA
4741,"Rutgers State University at Camden","NJ",1,1034,NA,3366,1752,2585,7411,10134
6964,"Rutgers at New Brunswick","NJ",1,1107,NA,48094,26330,21401,7410,10474
8770,"Fairleigh Dickinson University","NJ",2,925,NA,3148,1616,3553,11010,9637
9344,"Ramapo College of New Jersey","NJ",1,970,NA,2088,957,2745,4449,7333
9345,"Stockton College of New Jersey","NJ",1,1041,NA,4019,1579,4365,3040,5599
2093,"Saint John's College","NM",2,NA,NA,285,246,411,17430,14342
2649,"College of Santa Fe","NM",2,964,21,546,447,873,11138,8820
2650,"College of the Southwest","NM",2,850,19,77,61,352,3120,3190
2651,"Eastern New Mexico University","NM",1,NA,NA,1256,1220,2762,5586,5658
2653,"New Mexico Highlands University","NM",1,NA,17,777,649,1630,5148,7664
2654,"New Mexico Institute of Mining and Tech.","NM",1,NA,26,787,601,1017,5376,9241
2657,"New Mexico State University","NM",1,NA,22,4119,3200,9673,6432,6106
2664,"Western New Mexico University","NM",1,NA,17,1054,1054,1495,4652,NA
10313,"Univ. of New Mexico-Main Campus","NM",1,NA,22,3871,3349,12257,7115,8209
2568,"University of Nevada at Reno","NV",1,920,22,2868,2409,5916,6490,10407
2569,"University of Nevada-Las Vegas","NV",1,903,21,NA,2786,7969,6490,8139
9192,"Sierra Nevada College","NV",2,800,21,200,160,300,7500,NA
2666,"Adelphi University","NY",2,957,NA,2186,1924,2683,12280,10527
2667,"Dowling College","NY",2,840,18,1011,829,1059,9000,11178
2668,"Alfred University","NY",2,NA,NA,1732,1425,1830,16548,10932
2671,"Bard College","NY",2,NA,NA,1910,838,1004,19264,13894
2681,"Canisius College","NY",2,NA,NA,2853,2193,2978,10750,7972
2685,"Cazenovia College","NY",2,781,19,3847,3433,1010,9384,7697
2687,"CUNY-Brooklyn College","NY",1,916,NA,3589,2992,7767,5050,7581
2688,"CUNY - City College","NY",1,893,NA,3788,2747,8071,5050,9002
2689,"CUNY-Hunter College","NY",1,845,NA,6189,3212,8140,5050,7216
2690,"CUNY - Queens College","NY",1,907,NA,4681,3627,8837,5250,7488
2699,"Clarkson University","NY",2,1130,NA,2174,1953,2332,15960,11659
2701,"Colgate University","NY",2,1186,27,4856,2492,2649,19510,15494
2703,"College of Mount St. Vincent","NY",2,928,23,946,648,707,11790,10015
2704,"College of New Rochelle","NY",2,830,NA,551,437,2515,10200,NA
2705,"College of Saint Rose","NY",2,NA,NA,983,664,1698,9990,6084
2707,"Columbia University","NY",2,1300,NA,6756,1930,3376,18624,30639
2708,"Barnard College","NY",2,1220,NA,2496,1402,2121,17926,12580
2709,"Concordia College","NY",2,902,NA,303,198,443,9370,10497
2710,"Cooper Union","NY",2,1340,NA,2339,307,959,NA,18798
2711,"Cornell University","NY",2,NA,NA,19227,7171,13072,19000,22480
2712,"D'Youville College","NY",2,932,22,866,619,1074,8920,6898
2713,"Dominican College of Blauvelt","NY",2,NA,NA,360,329,756,8310,5480
2718,"Elmira College","NY",2,959,23,1457,1045,1109,14990,7502
2722,"Fordham University","NY",2,1041,NA,4200,2874,4740,14235,10864
2728,"Hamilton College","NY",2,1122,NA,3140,1783,1646,19700,17761
2729,"Hartwick College","NY",2,1002,23,2083,1725,1464,17480,11625
2731,"Hobart and William Smith Colleges","NY",2,NA,NA,2688,2081,1792,19029,13040
2732,"Hofstra University","NY",2,1010,24,7428,5860,6534,11600,10093
2734,"Houghton College","NY",2,1043,24,949,786,1210,9990,8187
2735,"Hilbert College","NY",2,700,18,238,235,888,7500,4981
2737,"Iona College","NY",2,867,19,4892,3530,3906,10690,8107
2739,"Ithaca College","NY",2,NA,NA,7259,5526,5612,14424,9812
2744,"Keuka College","NY",2,946,22,461,381,738,9600,7863
2745,"King's College","NY",2,907,25,356,233,246,8190,11082
2748,"Le Moyne College","NY",2,NA,NA,1470,1199,1820,11040,8118
2758,"Manhattan College","NY",2,1006,NA,2432,1730,2578,12370,10062
2760,"Manhattanville College","NY",2,1024,NA,962,750,830,14700,11291
2765,"Marist College","NY",2,990,25,4731,3171,3557,10700,8408
2768,"Marymount College Tarrytown","NY",2,916,NA,478,327,731,11510,10502
2769,"Marymount Manhattan College","NY",2,960,24,695,535,988,10200,10622
2772,"Mercy College","NY",2,NA,NA,1518,1378,4266,7200,5585
2775,"Molloy College","NY",2,903,NA,481,401,1402,8800,3822
2777,"Medaille College","NY",2,NA,NA,384,223,1146,8920,7891
2778,"Mount Saint Mary College","NY",2,900,19,1170,695,1170,7470,6898
2779,"Nazareth College of Rochester","NY",2,1034,24,947,798,1274,10850,8797
2785,"New York University","NY",2,1146,NA,13594,7244,12408,17748,21227
2788,"Niagara University","NY",2,NA,NA,2220,1796,1919,10320,7788
2790,"Nyack College","NY",2,905,21,460,283,508,7950,9685
2791,"Pace University","NY",2,958,NA,8256,3750,5809,11000,10059
2796,"Polytechnic University","NY",2,1110,NA,1132,847,1379,16200,14329
2798,"Pratt Institute","NY",2,950,NA,1181,903,1622,13975,13737
2803,"Rensselaer Polytechnic Institute","NY",2,NA,28,4996,4165,4291,17475,15605
2805,"Roberts Wesleyan College","NY",2,967,21,459,422,932,10220,7592
2806,"Rochester Institute of Technology","NY",2,1075,26,4704,3798,7176,13968,13508
2808,"Daemen College","NY",2,890,NA,939,894,1378,7950,NA
2810,"Sage Colleges","NY",2,984,22,419,170,1022,NA,7194
2813,"Sarah Lawrence College","NY",2,1150,NA,1380,768,1000,19300,14779
2814,"Skidmore College","NY",2,1090,25,4293,2728,2322,18710,14837
2816,"Siena College","NY",2,1051,24,2961,1932,2669,10800,8189
2817,"St. Bonaventure University","NY",2,1013,25,1489,1313,1688,10456,9828
2820,"St. Francis College","NY",2,NA,NA,1013,916,1562,6550,5194
2821,"St. John Fisher College","NY",2,990,22,1368,1064,1687,10570,7908
2823,"St. John's University","NY",2,932,NA,7775,2836,11785,9400,7435
2825,"St. Joseph's College","NY",2,917,19,707,512,1671,7350,5961
2829,"St. Lawrence University","NY",2,1083,NA,2753,1820,1801,18720,14980
2832,"St. Thomas Aquinas College","NY",2,825,NA,861,609,1117,8650,6534
2835,"SUNY at Albany","NY",1,1086,NA,13528,9198,10168,6550,9075
2836,"SUNY at Binghamton","NY",1,1148,26,14463,6166,8544,6550,8055
2838,"SUNY at Stony Brook","NY",1,1006,NA,12512,6969,9744,6550,13705
2841,"SUNY College  at Brockport","NY",1,952,22,7294,3564,5758,6550,6632
2842,"SUNY College at Buffalo","NY",1,864,NA,5318,3515,7626,6550,7511
2843,"SUNY College at Cortland","NY",1,984,23,7888,3519,5011,6550,5563
2844,"SUNY College at Fredonia","NY",1,997,23,4877,2798,4123,6550,6442
2845,"SUNY College at Geneseo","NY",1,1149,26,8598,4562,5060,6550,5716
2846,"SUNY College at New Paltz","NY",1,1016,24,8399,3609,4658,6550,6608
2847,"SUNY College at Oneonta","NY",1,972,22,7500,4350,4627,6550,6111
2848,"SUNY College  at Oswego","NY",1,1030,24,8000,4556,6943,6550,5280
2849,"SUNY College at Plattsburgh","NY",1,980,22,5549,3583,5004,6550,6174
2850,"SUNY College at Potsdam","NY",1,1040,23,3150,2289,3598,6840,6436
2882,"Syracuse University","NY",2,NA,NA,10477,7260,10142,15150,14231
2883,"Utica College of Syracuse University","NY",2,933,28,1278,978,1525,12680,8344
2889,"Union College","NY",2,NA,28,3495,1712,1915,18732,15411
2892,"United States Merchant Marine Academy","NY",1,NA,NA,942,356,987,NA,22083
2893,"United States Military Academy","NY",1,1211,28,13703,1610,4229,NA,46477
2894,"University of Rochester","NY",2,NA,NA,8766,5498,5071,17840,26037
2895,"Vassar College","NY",2,1228,27,3550,1877,2164,18920,17089
2899,"Wagner College","NY",2,990,NA,1416,1015,1324,13500,9006
2901,"Wells College","NY",2,1080,24,318,240,416,14900,13935
2903,"Yeshiva University","NY",2,1174,NA,1002,857,1948,12584,22724
4759,"CUNY-York College","NY",1,751,NA,1432,1432,3932,5050,5383
4766,"CUNY- Baruch College","NY",1,NA,NA,5377,2872,8247,5050,5801
4779,"Long Island University at Brooklyn","NY",2,830,NA,3292,1317,3520,10258,NA
4804,"New York Institute of Technology","NY",2,NA,NA,2531,1978,4730,9190,7148
6791,"SUNY College at Purchase","NY",1,952,NA,2119,1264,2478,6550,8170
7022,"CUNY-Lehman College","NY",1,778,NA,1897,1384,4890,5050,7177
7109,"SUNY College at Old Westbury","NY",1,NA,NA,1358,1328,2992,5750,6288
9554,"SUNY at Buffalo","NY",1,1052,NA,15039,9649,13963,6550,11177
10097,"CUNY- Medgar Evers College","NY",1,660,NA,1289,1289,2343,2600,6324
10286,"SUNY Empire State College","NY",1,NA,NA,2036,NA,1596,6550,8301
20662,"New School for Social Research","NY",2,1089,NA,1914,1190,2609,14710,13578
29040,"CUNY-College of Staten Island","NY",1,845,NA,2170,2170,5949,5050,6154
3011,"Art Academy of Cincinnati","OH",2,850,17,130,82,199,8450,9442
3012,"Ashland University","OH",2,848,21,1454,1267,1874,11431,9090
3014,"Baldwin-Wallace College","OH",2,997,23,1690,1366,2718,10995,8086
3016,"Bluffton College","OH",2,972,23,692,514,760,9900,9073
3018,"Bowling Green State University","OH",1,946,22,9251,7333,13699,7452,6918
3023,"Capital University","OH",2,NA,23,1747,1382,1662,13050,9557
3024,"Case Western Reserve University","OH",2,NA,NA,3877,3156,3051,15700,19733
3025,"Cedarville College","OH",2,1010,24,1307,1090,2196,7344,6897
3026,"Central State University","OH",1,NA,NA,2222,1767,2636,4731,7219
3032,"Cleveland State University","OH",1,848,20,2407,2296,7749,6462,7649
3033,"College of Mount St. Joseph","OH",2,920,21,798,620,1165,9800,6889
3036,"Franciscan University of Steubenville","OH",2,1004,24,553,452,1301,9650,6336
3037,"College of Wooster","OH",2,1100,24,2100,1883,1704,16240,14140
3041,"Defiance College","OH",2,819,21,571,461,645,10850,7505
3042,"Denison University","OH",2,NA,NA,2762,2279,1835,16900,12423
3045,"University of Findlay","OH",2,NA,22,2165,1783,1854,11800,6631
3046,"Franklin University","OH",2,NA,NA,1304,1300,1272,3096,4723
3048,"Heidelberg College","OH",2,920,22,738,687,964,13780,9268
3049,"Hiram College","OH",2,1050,24,922,729,1000,14067,12165
3050,"John Carroll University","OH",2,1063,23,2421,2109,3168,11700,7738
3051,"Kent State University","OH",1,886,21,9210,3040,15615,7854,6397
3065,"Kenyon College","OH",2,1163,27,2212,1538,1445,19240,14067
3069,"Lourdes College","OH",2,NA,19,57,55,435,6992,7256
3072,"Malone College","OH",2,912,21,874,758,1605,9858,4796
3073,"Marietta College","OH",2,NA,NA,1611,960,1089,13850,10223
3083,"Mount Union College","OH",2,NA,23,1310,1086,1365,12250,7215
3084,"Muskingum College","OH",2,926,22,1109,922,1115,13240,9333
3085,"Notre Dame College of Ohio","OH",2,838,19,136,107,377,8064,7712
3086,"Oberlin College","OH",2,1219,29,4778,2767,2587,19670,16593
3089,"Ohio Northern University","OH",2,1006,24,2936,2342,2502,15990,9979
3100,"Ohio University","OH",1,993,24,11023,8298,14861,7629,8811
3109,"Ohio Wesleyan University","OH",2,1103,25,2190,1700,1780,16732,12011
3110,"Otterbein College","OH",2,NA,24,1496,1205,1648,12888,8802
3121,"Tiffin University","OH",2,680,19,845,734,662,7600,5096
3123,"University of Akron","OH",1,880,20,6305,5190,12487,7650,6025
3125,"University of Cincinnati","OH",1,997,23,6855,5553,11036,8907,13889
3127,"University of Dayton","OH",2,1082,25,6361,5293,5889,11380,8894
3131,"University of Toledo","OH",1,951,20,3055,2959,15428,7441,6124
3133,"Urbana University","OH",2,NA,19,318,265,745,8468,5052
3134,"Ursuline College","OH",2,838,21,325,260,699,9600,7164
3135,"Walsh University","OH",2,NA,22,1092,890,847,8670,5738
3141,"Wilberforce University","OH",2,1042,24,1259,691,775,6346,NA
3142,"Wilmington College","OH",2,NA,NA,709,602,1372,10230,6943
3143,"Wittenberg University","OH",2,1101,25,1979,1739,1980,15948,10414
3144,"Xavier University","OH",2,996,24,1959,1805,2849,11520,9189
3145,"Youngstown State University","OH",1,NA,20,3297,2903,9633,4536,5483
6883,"Ohio State University at Columbus","OH",1,NA,NA,15076,12860,31039,9315,10900
7085,"Mount Vernon Nazarene College","OH",2,NA,22,510,485,1114,7400,6869
7104,"Miami University at Oxford","OH",1,NA,NA,9239,7788,13606,8856,7846
8795,"Antioch University","OH",2,1004,24,713,661,712,15476,42926
9168,"Wright State University","OH",1,NA,NA,NA,NA,9967,NA,8133
12748,"Shawnee State University","OH",1,NA,19,1406,1406,2536,4128,5160
3149,"Southern Nazarene University","OK",2,NA,21,538,538,1317,6293,6388
3150,"Cameron University","OK",2,NA,19,1782,1695,3302,4017,3823
3151,"Bartlesville Wesleyan College","OK",2,870,22,149,114,344,5950,6560
3152,"University of Central Oklahoma","OK",1,NA,21,3398,3191,7517,1928,3709
3154,"East Central University","OK",1,NA,20,600,550,3255,3590,3692
3157,"Langston University","OK",2,NA,NA,1171,710,3236,2064,3440
3161,"Northeastern State University","OK",1,NA,21,1378,1182,4952,2280,3964
3163,"Northwestern Oklahoma State University","OK",1,NA,NA,620,410,NA,NA,3997
3164,"Oklahoma Baptist University","OK",2,NA,24,758,681,1707,5390,5511
3165,"Oklahoma Christian University","OK",2,920,22,776,765,1419,6400,6578
3166,"Oklahoma City University","OK",2,1032,23,940,653,1613,NA,7454
3167,"University of Sci. and Arts of Oklahoma","OK",1,NA,20,285,280,1140,3687,3864
3170,"Oklahoma State University","OK",1,1017,24,4522,3913,12830,5336,6433
3174,"Oklahoma Panhandle State University","OK",1,NA,20,350,343,1117,3274,4572
3175,"Phillips University","OK",2,888,22,692,576,597,10500,8990
3179,"Southeastern Oklahoma State Univ.","OK",1,NA,20,818,700,2962,3738,4444
3181,"Southwestern Oklahoma State Univ.","OK",1,NA,20,NA,NA,4057,3225,4225
3184,"University of Oklahoma","OK",1,NA,24,4743,3970,13436,5173,10244
3185,"University of Tulsa","OK",2,1101,24,1712,1557,2936,11750,11743
3985,"Oral Roberts University","OK",2,1010,23,1223,650,2645,7950,7885
1339,"Western Baptist College","OR",2,833,NA,259,219,513,9200,7269
3191,"Concordia College","OR",2,900,19,299,206,811,9600,5976
3193,"Eastern Oregon State College","OR",1,NA,NA,949,800,1662,2600,6390
3194,"George Fox College","OR",2,960,NA,809,726,1271,12500,7136
3197,"Lewis and Clark College","OR",2,NA,NA,2774,2092,1763,15800,12999
3198,"Linfield College","OR",2,1051,25,1561,1188,1548,13380,8747
3208,"Northwest Christian College","OR",2,920,NA,NA,NA,226,NA,NA
3209,"Western Oregon State College","OR",1,899,NA,1438,1279,3655,7770,5777
3210,"Oregon State University","OR",1,965,22,4675,3948,10332,7890,9383
3211,"Oregon Institute of Technology","OR",1,903,NA,491,447,1774,8676,7556
3212,"Pacific University","OR",2,1021,24,943,849,1041,14210,11216
3216,"Portland State University","OR",1,900,22,1623,1574,6194,NA,6618
3217,"Reed College","OR",2,1235,28,1966,1436,1199,19960,15886
3219,"Southern Oregon State College","OR",1,919,21,1237,1037,3215,7000,6337
3223,"University of Oregon","OR",1,NA,NA,8631,6732,11669,10602,8020
3224,"University of Portland","OR",2,1001,NA,1758,1485,2041,12040,9060
3225,"Warner Pacific College","OR",2,875,21,112,87,503,7940,7516
3227,"Willamette University","OR",2,1100,25,1658,1327,1595,14800,10779
3229,"Albright College","PA",2,1023,24,1038,839,973,15595,11644
3230,"Allegheny College","PA",2,NA,NA,2652,1900,1707,17080,11711
3233,"Alvernia College","PA",2,840,18,707,614,801,8374,6100
3235,"Beaver College","PA",2,965,NA,1163,850,878,12850,8954
3237,"Bryn Mawr College","PA",2,1260,NA,1465,810,1088,18165,17449
3238,"Bucknell University","PA",2,NA,NA,6548,3813,3316,18550,13675
3241,"Cabrini College","PA",2,853,NA,599,494,1035,10518,7117
3242,"Carnegie Mellon University","PA",2,1234,28,8728,5201,4265,17900,24386
3243,"Cedar Crest College","PA",2,960,21,776,607,791,14340,10961
3244,"Chatham College","PA",2,972,22,212,197,471,13500,16095
3245,"Chestnut Hill College","PA",2,968,NA,342,254,518,10335,7729
3247,"College Misericordia","PA",2,NA,NA,1432,888,1121,10860,8604
3252,"Delaware Valley College","PA",2,913,NA,1383,1199,1380,11645,6970
3253,"Dickinson College","PA",2,NA,NA,3014,2539,1889,18700,13861
3256,"Drexel University","PA",2,1015,NA,3451,2934,5306,12348,9583
3258,"Duquesne University","PA",2,NA,NA,2830,2374,4253,10578,8456
3259,"Eastern College","PA",2,931,23,458,369,1057,11190,8135
3262,"Elizabethtown College","PA",2,1038,NA,2417,1843,1476,14190,9815
3265,"Franklin and Marshall College","PA",2,1100,26,3270,2120,1748,24940,15797
3266,"Gannon University","PA",2,982,23,2464,1908,2693,10970,7711
3267,"Geneva College","PA",2,962,22,668,534,1306,9476,6786
3268,"Gettysburg College","PA",2,NA,NA,3596,2466,1944,19964,14720
3269,"Grove City College","PA",2,1144,27,2491,1110,2213,5224,4957
3270,"Gwynedd Mercy College","PA",2,970,NA,380,237,716,11000,7483
3274,"Haverford College","PA",2,NA,NA,2128,927,1083,18833,17021
3275,"Holy Family College","PA",2,NA,NA,622,354,1145,8800,6901
3276,"Immaculata College","PA",2,850,NA,268,253,494,10000,7305
3277,"Indiana University of Pennsylvania","PA",1,941,NA,6373,3264,11375,7352,6760
3279,"Juniata College","PA",2,1067,NA,1005,859,1075,14850,12067
3282,"King's College","PA",2,959,NA,1456,1053,500,10910,7649
3284,"Lafayette College","PA",2,NA,NA,4010,2402,2018,18730,15365
3287,"La Salle University","PA",2,1050,NA,2929,1834,2738,12600,9084
3288,"Lebanon Valley College","PA",2,988,NA,1386,1060,965,13850,8196
3289,"Lehigh University","PA",2,NA,NA,6397,4304,4298,18700,14665
3290,"Lincoln University","PA",1,774,NA,1660,1091,1196,4818,10912
3293,"Lycoming College","PA",2,944,21,1286,1005,1363,13900,8024
3296,"Marywood College","PA",2,919,NA,1107,859,1452,11040,9034
3297,"Mercyhurst College","PA",2,NA,NA,1557,1074,1805,9813,7307
3298,"Messiah College","PA",2,1046,24,1742,1382,2258,10300,7762
3301,"Moravian College","PA",2,NA,NA,1232,955,1241,14990,9566
3303,"Carlow College","PA",2,NA,NA,395,318,807,9358,7679
3304,"Muhlenberg College","PA",2,1071,24,2519,1836,1656,16975,10888
3313,"Widener University","PA",2,1012,20,2139,1492,2186,12350,9603
3315,"Bloomsburg Univ. of Pennsylvania","PA",1,989,NA,6773,3028,5847,7844,7041
3316,"California University of Pennsylvania","PA",1,806,NA,2746,1505,4787,6312,6912
3317,"Cheyney University of Penn.","PA",1,NA,NA,1104,767,1130,6122,10621
3320,"East Stroudsburg University of Penn.","PA",1,896,NA,3812,2227,3947,NA,7839
3321,"Edinboro University of Penn.","PA",1,NA,NA,4419,3074,6318,7844,6292
3322,"Kutztown University of Penn.","PA",1,957,NA,5880,2840,5866,8285,6552
3323,"Lock Haven University of Pennsylvania","PA",1,970,NA,3570,2215,3390,7352,6374
3324,"Mansfield University of Penn.","PA",1,NA,NA,2694,1725,2891,7452,8116
3325,"Millersville University of Penn.","PA",1,1014,NA,6011,3075,5146,7844,7832
3326,"Shippensburg University of Penn.","PA",1,997,NA,5818,3281,5268,7844,6719
3327,"Slippery Rock University of Penn.","PA",1,NA,NA,4655,3113,5965,7352,6733
3328,"West Chester University of Penn.","PA",1,945,NA,6502,3539,7484,7844,6773
3350,"University of the Arts","PA",2,895,NA,974,704,1145,12520,11641
3354,"Philadelphia Coll. of Textiles and Sci.","PA",2,930,NA,1538,1259,1664,11690,8028
3357,"Point Park College","PA",2,842,21,875,744,1173,9700,7652
3359,"Robert Morris College","PA",2,853,20,907,771,2621,6540,5266
3362,"Seton Hill College","PA",2,NA,NA,936,794,752,11240,10065
3366,"Saint Francis College","PA",2,NA,NA,1046,824,1223,10880,7344
3367,"Saint Joseph's University","PA",2,1041,NA,2519,2003,2473,12750,8243
3368,"Saint Vincent College","PA",2,NA,NA,700,595,1035,10850,8534
3369,"Susquehanna University","PA",2,NA,NA,2096,1512,1442,16130,10554
3370,"Swarthmore College","PA",2,1302,NA,3203,1255,1387,19124,23975
3371,"Temple University","PA",1,963,NA,7987,5145,14726,10096,12231
3376,"Thiel College","PA",2,862,20,1154,951,791,11172,9186
3378,"University of Pennsylvania","PA",2,1274,29,12394,5232,9205,17020,25765
3379,"University of Pittsburgh-Main Campus","PA",1,1017,NA,8586,6383,13138,10786,13789
3384,"University of Scranton","PA",2,1070,NA,4471,2942,3674,11584,9131
3385,"Ursinus College","PA",2,1079,NA,1399,1026,1131,14900,12082
3388,"Villanova University","PA",2,1127,NA,7759,5588,6362,15925,10458
3389,"Washington and Jefferson College","PA",2,NA,NA,1305,1100,1098,16260,10162
3391,"Waynesburg College","PA",2,NA,NA,1190,978,1280,8840,6563
3392,"Westminster College","PA",2,1000,24,996,866,1411,12065,8596
3394,"Wilkes University","PA",2,NA,NA,1631,1431,1803,11150,8543
3396,"Wilson College","PA",2,930,NA,167,130,199,11428,10291
3399,"York College of Pennsylvania","PA",2,986,NA,2989,1855,2988,4990,4509
3986,"Allentown Coll. of St. Francis de Sales","PA",2,985,NA,1179,780,1130,9690,7940
3987,"La Roche College","PA",2,788,NA,361,321,650,8842,7022
3988,"Neumann College","PA",2,865,NA,245,180,485,9950,8846
6965,"Pennsylvania State Univ. Main Campus","PA",1,1083,NA,19315,10344,28938,10645,8992
9235,"Clarion University of Pennsylvania","PA",1,860,NA,2740,2497,4828,7844,5556
3401,"Brown University","RI",2,1300,28,12586,3239,5643,19528,20440
3402,"Bryant College","RI",2,983,NA,2198,1786,2556,12600,8353
3406,"Providence College","RI",2,1022,25,5139,3346,3717,14400,8135
3407,"Rhode Island College","RI",1,NA,NA,2310,1767,4882,6694,6827
3409,"Rhode Island School of Design","RI",2,1059,NA,1831,842,1846,16684,11622
3411,"Salve Regina University","RI",2,875,NA,1475,1257,1393,14200,9232
3414,"University of Rhode Island","RI",1,964,NA,9643,7751,8894,10330,9158
4917,"Roger Williams University","RI",2,861,NA,3304,2804,2111,12520,7957
3419,"Charleston Southern University","SC",2,947,NA,1199,904,1533,7730,5825
3420,"Benedict College","SC",2,NA,NA,1622,1472,1203,5210,5360
3422,"Central Wesleyan College","SC",2,813,18,174,146,1047,8300,3365
3423,"The Citadel","SC",1,NA,NA,1500,1242,2024,7070,7744
3424,"Claflin College","SC",2,NA,NA,1196,697,959,4412,7083
3425,"Clemson University","SC",1,1052,NA,8065,5257,11755,8116,7597
3427,"Coker College","SC",2,900,NA,604,452,690,9888,8741
3428,"College of Charleston","SC",1,1019,22,4772,3140,6851,6120,4776
3430,"Columbia College","SC",2,893,NA,737,614,968,10425,8693
3431,"Converse College","SC",2,NA,NA,440,407,643,12050,10965
3432,"Erskine College","SC",2,1014,NA,659,557,532,10485,7527
3434,"Furman University","SC",2,1112,NA,2161,1951,2371,13440,12940
3435,"Lander University","SC",1,861,18,1166,1009,2074,4938,6119
3436,"Limestone College","SC",2,NA,NA,725,554,786,7100,6321
3439,"Morris College","SC",2,NA,NA,882,730,926,4515,6990
3440,"Newberry College","SC",2,884,20,872,722,601,10194,5788
3445,"Presbyterian College","SC",2,1100,26,1082,832,1133,11859,8354
3446,"South Carolina State University","SC",1,703,17,2556,1752,4396,4380,5542
3448,"University of South Carolina at Columbia","SC",1,985,22,7693,5815,12594,8074,8246
3449,"University of South Carolina at Aiken","SC",1,905,21,848,560,1855,5800,5035
3451,"Coastal Carolina University","SC",1,NA,NA,1854,1391,3020,7000,5201
3455,"Voorhees College","SC",2,670,16,1465,1006,703,4450,5861
3456,"Winthrop University","SC",1,986,18,2320,1805,3395,6400,6729
3457,"Wofford College","SC",2,1081,24,1501,935,1059,12680,7875
6951,"Univ. of South Carolina at Spartanburg","SC",1,870,19,885,553,2207,5739,5307
9226,"Francis Marion University","SC",1,837,NA,1801,1655,3224,5840,5039
3458,"Augustana College","SD",2,NA,NA,761,725,1337,10990,6871
3459,"Black Hills State University","SD",1,NA,NA,938,938,2629,3222,3544
3461,"Dakota Wesleyan University","SD",2,NA,20,342,182,538,7540,7334
3463,"Dakota State University","SD",1,NA,20,385,358,988,3222,5291
3464,"Huron University","SD",2,NA,NA,600,197,392,7260,9249
3465,"Mount Marty College","SD",2,NA,20,279,276,600,6844,5073
3466,"Northern State University","SD",1,NA,20,2056,2054,2239,3437,5252
3469,"Sioux Falls College","SD",2,NA,22,437,400,614,8990,7881
3470,"South Dakota School of Mines and Tech.","SD",1,NA,24,1034,932,1691,3573,6411
3471,"South Dakota State University","SD",1,NA,23,2807,2589,7000,3811,5084
10300,"University of South Dakota","SD",1,NA,22,2160,2031,5368,3811,6456
3478,"Austin Peay State University","TN",1,NA,21,2863,2154,4772,5550,5087
3479,"Belmont University","TN",2,1012,24,1220,974,1964,7800,7614
3480,"Bethel College","TN",2,NA,NA,502,384,347,6200,7623
3481,"Carson-Newman College","TN",2,NA,23,1096,951,1776,8150,6716
3482,"Christian Brothers University","TN",2,1010,24,880,520,1068,9300,8129
3485,"Cumberland University","TN",2,NA,NA,308,281,491,5500,6020
3486,"David Lipscomb University","TN",2,980,23,1239,1134,1957,5775,8048
3487,"East Tennessee State University","TN",1,850,21,3330,2730,6706,5800,9825
3490,"Fisk University","TN",2,881,21,1078,720,850,6240,6911
3492,"Freed-Hardeman University","TN",2,943,22,895,548,1174,5500,6078
3496,"King College","TN",2,NA,NA,355,300,509,8664,8954
3497,"Knoxville College","TN",2,NA,NA,503,408,776,5400,4666
3498,"Lambuth University","TN",2,NA,22,831,538,840,5170,5531
3500,"Lee College","TN",2,916,21,651,498,1831,4788,4914
3501,"LeMoyne-Owen College","TN",2,NA,NA,409,261,983,4200,6489
3502,"Lincoln Memorial University","TN",2,NA,23,787,562,925,5950,5177
3505,"Maryville College","TN",2,953,23,1464,888,624,11200,8317
3509,"University of Memphis","TN",1,NA,22,3921,2557,10621,5908,6578
3510,"Middle Tennessee State University","TN",1,942,20,4587,3423,12541,5550,4902
3511,"Milligan College","TN",2,NA,23,610,461,685,8200,8128
3518,"Southern Coll. of Seventh-day Adventists","TN",2,NA,NA,699,660,1198,8414,7665
3519,"Rhodes College","TN",2,NA,NA,2302,1831,1345,15200,13388
3522,"Tennessee State University","TN",1,NA,NA,6626,4122,4566,4836,7527
3523,"Tennessee Technological University","TN",1,NA,NA,2594,2542,6461,4025,5799
3525,"Tennessee Wesleyan College","TN",2,810,19,232,182,402,7070,6286
3526,"Trevecca Nazarene College","TN",2,NA,NA,272,272,770,4750,5881
3527,"Tusculum College","TN",2,790,19,626,372,983,7700,4933
3528,"Union University","TN",2,NA,24,846,752,1688,5780,3861
3529,"University of Tennessee at Chattanooga","TN",1,NA,22,2091,1338,5359,5800,6339
3530,"University of Tennessee at Knoxville","TN",1,993,23,7473,5372,15749,5764,8612
3531,"University of Tennessee at Martin","TN",1,NA,22,1934,1500,4669,5832,5396
3534,"University of the South","TN",2,1158,27,1445,966,1129,15350,18784
3535,"Vanderbilt University","TN",2,1199,28,7791,4690,5500,17865,23850
3536,"Bryan College","TN",2,NA,NA,315,242,410,7300,6966
3537,"Abilene Christian University","TX",2,NA,22,1660,1232,2885,7440,7041
3541,"Angelo State University","TX",1,950,22,3540,2001,4190,5130,4010
3543,"Austin College","TX",2,1052,24,948,798,1120,11280,11361
3557,"Concordia Lutheran College","TX",2,871,20,232,216,534,6900,6875
3560,"Dallas Baptist University","TX",2,932,22,360,314,848,5400,7081
3564,"East Texas Baptist University","TX",2,NA,21,379,341,1050,4950,5619
3565,"East Texas State University","TX",1,878,21,2219,1441,4129,5390,5073
3571,"Hardin-Simmons University","TX",2,980,22,467,424,1365,6300,7054
3575,"Howard Payne University","TX",2,863,20,516,454,1201,5190,5684
3576,"Houston Baptist University","TX",2,930,22,413,330,1247,5400,5438
3577,"Huston-Tillotson College","TX",2,786,16,261,159,455,5180,9203
3578,"Incarnate Word College","TX",2,921,21,1163,927,1685,8840,6095
3581,"Lamar University","TX",1,872,20,2336,1725,5438,4752,5879
3584,"LeTourneau University","TX",2,1043,24,477,417,1532,8840,6863
3586,"Lubbock Christian University","TX",2,NA,21,550,500,863,6612,5367
3588,"University of Mary Hardin-Baylor","TX",2,NA,NA,478,416,1351,4950,5081
3591,"McMurry University","TX",2,908,21,578,411,880,6930,6383
3592,"Midwestern State University","TX",1,NA,NA,1597,1125,3404,5130,4001
3594,"University of North Texas","TX",1,993,23,4418,2737,14047,4104,5657
3598,"Our Lady of the Lake University","TX",2,841,NA,2308,1336,1202,8530,7114
3599,"University of Texas-Pan American","TX",1,NA,NA,4040,4040,7410,3486,NA
3604,"Rice University","TX",2,NA,NA,7935,1514,2674,9950,22836
3606,"Sam Houston State University","TX",1,NA,21,4839,3549,8901,5130,4029
3610,"Schreiner College","TX",2,890,22,584,413,521,8955,8545
3613,"Southern Methodist University","TX",2,NA,NA,4301,3455,4892,12772,12726
3615,"Southwest Texas State University","TX",1,907,21,8532,5316,13806,4860,4056
3619,"Southwestern Adventist College","TX",2,814,21,321,318,620,7536,5309
3620,"Southwestern University","TX",2,1103,25,1244,912,1177,11850,12995
3621,"St. Edward's University","TX",2,921,22,1272,1012,1732,9428,7037
3623,"St. Mary's University of San Antonio","TX",2,970,22,1243,1020,2149,8678,7651
3624,"Stephen F. Austin State University","TX",1,939,21,5870,4461,9851,4860,3997
3625,"Sul Ross State University","TX",1,744,17,NA,NA,1535,3888,5478
3630,"Prairie View A. and M. University","TX",1,709,17,2405,2234,4564,4290,5967
3631,"Tarleton State University","TX",1,832,20,1195,1095,4856,4860,4242
3636,"Texas Christian University","TX",2,NA,NA,4095,3079,5064,8490,9158
3637,"Jarvis Christian College","TX",2,657,11,575,482,542,3750,NA
3638,"Texas College","TX",2,620,16,254,189,503,3605,4800
3639,"Texas A&M University at Kingsville","TX",1,NA,18,1822,1481,4455,NA,5049
3641,"Texas Lutheran College","TX",2,934,22,497,423,895,7850,7002
3642,"Texas Southern University","TX",1,810,19,4345,3245,5584,7860,3605
3644,"Texas Tech University","TX",1,982,23,6334,5051,16785,4860,5449
3645,"Texas Wesleyan University","TX",2,841,20,592,501,1204,6400,7936
3646,"Texas Woman's University","TX",1,NA,NA,989,777,3791,2279,6637
3647,"Trinity University","TX",2,1210,NA,2425,1818,2110,12240,14703
3651,"University of Dallas","TX",2,1143,26,681,588,1058,10760,8731
3652,"University of Houston-Main Campus","TX",1,984,22,6233,3990,15340,4104,6895
3654,"University of St. Thomas","TX",2,1060,26,374,280,995,8550,7237
3656,"University of Texas at Arlington","TX",1,940,21,3281,2559,10975,4422,4696
3658,"University of Texas at Austin","TX",1,1126,25,14752,9572,30017,5130,7837
3661,"University of Texas at El Paso","TX",1,NA,19,3528,2941,9551,4104,NA
3663,"Wayland Baptist University","TX",2,910,20,253,216,829,5100,6271
3665,"West Texas A&M University","TX",1,890,21,1950,1506,4111,4104,4717
6967,"Baylor University","TX",2,NA,NA,6075,5349,9919,6450,7503
9741,"University of Texas at Dallas","TX",1,1188,27,1089,780,2106,4536,9094
9930,"Univ. of Texas of the Permian Basin","TX",1,839,19,116,90,841,5130,5482
10115,"University of Texas at San Antonio","TX",1,907,21,4217,3100,9375,4104,4329
10298,"Texas A&M University at Galveston","TX",1,NA,NA,529,481,1206,4860,6415
10366,"Texas A&M Univ. at College Station","TX",1,1069,25,14474,10519,31643,5130,8471
12826,"University of Houston - Downtown","TX",1,NA,NA,1541,1541,3357,4104,4079
20648,"Ambassador University","TX",2,1009,NA,397,244,1083,2700,9434
3670,"Brigham Young University at Provo","UT",2,NA,NA,7365,5402,27378,2340,7916
3675,"University of Utah","UT",1,1027,24,5095,4491,13894,6857,9275
3677,"Utah State University","UT",1,1000,22,4281,3825,10657,5775,7462
3678,"Southern Utah University","UT",1,NA,NA,1685,1640,3684,4362,4703
3680,"Weber State University","UT",1,NA,21,2632,2509,8609,5148,5334
3681,"Westminster College of Salt Lake City","UT",2,NA,NA,917,720,979,8820,7170
3702,"Averett College","VA",2,893,NA,627,556,777,9925,6523
3703,"Bluefield College","VA",2,819,20,377,358,653,7150,6259
3704,"Bridgewater College","VA",2,NA,NA,838,673,881,10265,8655
3705,"College of William and Mary","VA",1,1240,NA,7117,3106,5186,11720,9534
3706,"Christopher Newport University","VA",1,870,NA,883,766,2910,7860,4639
3708,"Eastern Mennonite College","VA",2,NA,NA,486,440,903,9650,10188
3709,"Emory & Henry College","VA",2,930,23,765,646,809,8578,8061
3711,"Ferrum College","VA",2,819,NA,1339,1107,1051,9400,7967
3713,"Hampden - Sydney College","VA",2,1081,NA,817,644,945,13218,12263
3714,"Hampton University","VA",2,917,NA,7178,3755,4623,7161,6791
3715,"Hollins College","VA",2,1007,23,602,498,795,13470,13957
3719,"Longwood College","VA",1,952,23,2747,1870,2874,7920,5553
3720,"Lynchburg College","VA",2,NA,NA,1756,1500,1524,12450,8832
3721,"James Madison University","VA",1,1107,NA,11223,5285,9652,7994,5212
3723,"Mary Baldwin College","VA",2,929,NA,499,441,846,11200,10819
3724,"Marymount University","VA",2,907,NA,941,772,1247,11390,8575
3728,"Old Dominion University","VA",1,934,NA,4569,3110,8346,9464,6727
3732,"Radford University","VA",1,950,22,5702,4894,8077,6684,4519
3733,"Randolph-Macon College","VA",2,1016,NA,1771,1325,1071,13840,11080
3734,"Randolph-Macon Woman's College","VA",2,1019,25,696,616,653,13970,16358
3735,"Virginia Commonwealth University","VA",1,937,NA,4963,3497,10262,10217,11183
3736,"Roanoke College","VA",2,1019,NA,2227,1790,1460,13425,9405
3737,"Shenandoah University","VA",2,915,20,818,620,868,10700,9471
3739,"St. Paul's College","VA",2,NA,NA,651,581,617,5000,8426
3742,"Sweet Briar College","VA",2,1010,24,462,402,527,14500,18953
3744,"University of Richmond","VA",2,NA,NA,5892,2718,2854,14500,11984
3746,"Mary Washington College","VA",1,NA,NA,4350,2178,2997,6490,5358
3747,"Clinch Valley Coll. of  the Univ. of Virginia","VA",1,855,NA,689,561,1125,7168,4417
3749,"George Mason University","VA",1,NA,NA,5653,4326,9528,10800,6751
3752,"Virginia Intermont College","VA",2,837,19,411,354,495,8170,NA
3753,"Virginia Military Institute","VA",1,1025,22,904,683,1191,9020,10709
3754,"Virginia Tech","VA",1,NA,NA,15712,11719,18511,10260,8944
3764,"Virginia State University","VA",1,NA,NA,2996,2440,3006,5587,5733
3765,"Norfolk State University","VA",1,NA,NA,4066,3891,6640,6276,5000
3766,"Virginia Union University","VA",2,660,NA,1847,1610,1298,7384,6757
3767,"Virginia Wesleyan College","VA",2,NA,NA,1470,900,1130,10900,7804
3768,"Washington and Lee University","VA",2,NA,NA,3315,1096,1584,13750,15736
6968,"University of Virginia","VA",1,NA,NA,15849,5384,11278,12212,13597
10392,"Liberty University","VA",2,NA,NA,2814,2810,3350,5700,NA
29261,"Christendom College","VA",2,1136,23,81,72,139,8730,10922
3682,"Bennington College","VT",2,1116,NA,519,327,457,21700,16364
3683,"Castleton State College","VT",1,875,21,1257,940,1547,7656,6318
3685,"College of St. Joseph","VT",2,790,NA,141,118,201,8300,6936
3686,"Goddard College","VT",2,1000,NA,96,87,257,13936,4557
3687,"Green Mountain College","VT",2,880,NA,780,628,545,11750,6475
3688,"Johnson State College","VT",1,848,NA,833,669,1224,7656,6564
3689,"Lyndon State College","VT",1,NA,NA,535,502,959,7320,7114
3690,"Marlboro College","VT",2,1070,NA,268,187,260,18375,11767
3691,"Middlebury College","VT",2,NA,NA,3456,1171,2016,25750,21426
3692,"Norwich University","VT",2,NA,20,1743,1625,1862,14134,9209
3693,"Southern Vermont College","VT",2,NA,NA,520,204,418,8940,6479
3694,"Saint Michael's College","VT",2,1003,NA,1910,1380,1715,13030,10190
3695,"Trinity College","VT",2,830,NA,222,185,484,11010,9586
3696,"University of Vermont","VT",1,1041,NA,7663,6008,7353,15516,12646
3771,"Central Washington University","WA",1,NA,NA,2785,2011,6507,7242,6413
3775,"Eastern Washington University","WA",1,750,17,2231,1908,6561,7974,7451
3777,"Heritage College","WA",2,NA,NA,97,62,286,5820,5188
3778,"Gonzaga University","WA",2,1031,25,1886,1524,2523,13000,9553
3785,"Pacific Lutheran University","WA",2,1005,23,1603,1392,2580,13312,9431
3788,"Seattle Pacific University","WA",2,953,NA,1183,1016,1922,12669,10368
3790,"Seattle University","WA",2,989,24,2115,1540,2993,12825,10175
3794,"St. Martin's College","WA",2,940,19,191,165,494,11550,9209
3797,"University of Puget Sound","WA",2,1101,26,4044,2826,2738,16230,11217
3798,"University of Washington","WA",1,NA,NA,12749,7025,20356,8199,16527
3799,"Walla Walla College","WA",2,NA,22,559,402,1522,10671,7115
3800,"Washington State University","WA",1,NA,NA,6540,5839,14445,8200,10912
3802,"Western Washington University","WA",1,1000,24,5548,3563,8909,8124,7203
3803,"Whitman College","WA",2,1150,27,1861,998,1220,16670,13198
3804,"Whitworth College","WA",2,1034,24,1121,926,1270,12660,8328
8155,"Evergreen State College","WA",1,1042,NA,1801,1101,3065,6297,8355
3832,"Alverno College","WI",2,NA,20,494,313,1317,8352,8127
3835,"Beloit College","WI",2,1124,26,1320,923,1085,16304,12957
3838,"Carroll College","WI",2,NA,22,1160,991,1357,12200,7666
3839,"Carthage College","WI",2,980,22,1616,1427,1405,13125,7364
3842,"Concordia University Wisconsin","WI",2,NA,22,845,690,1870,9300,4677
3854,"Lakeland College","WI",2,NA,20,497,452,887,9400,4054
3856,"Lawrence University","WI",2,NA,NA,1243,947,1129,17163,13965
3861,"Marian College of Fond du Lac","WI",2,NA,20,824,670,1160,9400,5352
3863,"Marquette University","WI",2,1053,25,5152,4600,7016,11610,9982
3868,"Milwaukee School of Engineering","WI",2,NA,25,1217,1088,1773,11505,7140
3869,"Mount Mary College","WI",2,1030,20,235,217,931,8950,7016
3875,"Northland College","WI",2,965,21,907,802,726,9570,7774
3884,"Ripon College","WI",2,1070,24,587,501,735,15200,12472
3892,"St. Norbert College","WI",2,1167,24,1334,1243,1946,12140,8595
3895,"University of Wisconsin at Madison","WI",1,NA,NA,14901,10932,23945,9096,11006
3896,"University of Wisconsin at Milwaukee","WI",1,NA,22,5244,3782,11561,8786,8094
3899,"University of Wisconsin at Green Bay","WI",1,NA,22,2409,1939,3819,6900,5968
3911,"Viterbo College","WI",2,NA,22,647,518,1014,9140,8050
3915,"University of Wisconsin-Stout","WI",1,NA,21,2593,1966,6038,6704,6254
3917,"Univ. of Wisconsin at Eau Claire","WI",1,985,23,5729,4520,8516,6996,6139
3919,"Univ.  of Wisconsin at La Crosse","WI",1,NA,NA,4918,3965,7306,7157,5946
3921,"Univ. of Wisconsin at Platteville","WI",1,NA,22,2733,2000,4381,6400,7100
3923,"Univ. of Wisconsin at River Falls","WI",1,NA,NA,NA,NA,4342,7092,6460
3924,"Univ. of Wisconsin at Stevens Point","WI",1,NA,22,4191,3090,7198,7142,NA
3925,"University of Wisconsin-Superior","WI",1,NA,21,910,910,1434,7032,6490
3926,"University of Wisconsin-Whitewater","WI",1,NA,21,4400,3719,7804,6950,5559
5015,"University of Wisconsin at Parkside","WI",1,NA,20,1705,1339,2999,NA,6855
9630,"Univ. of Wisconsin at OshKosh","WI",1,NA,22,4800,2900,7764,6874,5901
21366,"Wisconsin Lutheran College","WI",2,NA,23,152,128,282,9100,8960
3806,"Alderson-Broaddus College","WV",2,837,20,582,498,799,10468,8991
3808,"Bethany College","WV",2,927,23,664,515,712,15700,10941
3809,"Bluefield State College","WV",1,780,19,1046,832,1463,4498,2520
3810,"Concord College","WV",2,NA,20,1497,1469,2028,4426,4311
3811,"Davis & Elkins College","WV",2,836,19,629,501,754,9400,8813
3812,"Fairmont State College","WV",1,NA,19,2485,1800,4540,4238,3191
3813,"Glenville State College","WV",1,NA,19,1246,1246,1595,4080,3689
3815,"Marshall University","WV",2,915,23,4226,3666,7703,5094,6203
3818,"University of Charleston","WV",2,948,21,682,535,771,9500,7683
3820,"Salem-Teikyo University","WV",2,NA,22,489,384,700,10575,8946
3822,"Shepherd College","WV",2,903,24,1405,1167,2452,4694,3485
3823,"West Liberty State College","WV",1,NA,19,1164,1062,2138,4470,4249
3825,"West Virginia Institute of Technology","WV",1,NA,20,1594,1572,2432,NA,4325
3826,"West Virginia State College","WV",1,NA,18,1869,NA,2817,4616,3839
3827,"West Virginia University","WV",1,946,22,9630,7801,14524,6370,8318
3830,"West Virginia Wesleyan College","WV",2,928,23,1566,1400,1509,14200,8080
3831,"Wheeling Jesuit College","WV",2,912,22,903,755,971,10500,7494
3932,"University of Wyoming","WY",1,NA,23,2029,1516,7535,5988,8745
